Airport,AirportName,City,StateRegion,Latitude,Longitude,ElevationFt
AAF,Apalachicola Regional Airport,Apalachicola,US-FL,29.727501,-85.027496,20.0
ABE,Lehigh Valley International Airport,Allentown/Bethlehem,US-PA,40.651773,-75.442797,393.0
ABI,Abilene Regional Airport,Abilene,US-TX,32.4113006592,-99.6819000244,1791.0
ABL,Ambler Airport,Ambler,US-AK,67.105529,-157.855339,334.0
ABQ,Albuquerque International Sunport,Albuquerque,US-NM,35.039976,-106.608925,5355.0
ABR,Aberdeen Regional Airport,Aberdeen,US-SD,45.449100494384766,-98.42179870605467,1302.0
ABY,Southwest Georgia Regional Airport,Albany,US-GA,31.532946,-84.196215,197.0
ACB,Antrim County Airport,Bellaire,US-MI,44.988602,-85.198402,623.0
ACK,Nantucket Memorial Airport,Nantucket,US-MA,41.25310135,-70.06020355,47.0
ACT,Waco Regional Airport,Waco,US-TX,31.611299514770508,-97.23049926757812,516.0
ACV,California Redwood Coast-Humboldt County Airport,Arcata/Eureka,US-CA,40.978101,-124.109,221.0
ACY,Atlantic City International Airport,Atlantic City,US-NJ,39.456201,-74.577511,75.0
ADG,Lenawee County Airport,Adrian,US-MI,41.866205,-84.077983,798.0
ADK,Adak Airport,Adak,US-AK,51.883564,-176.642783,18.0
ADM,Ardmore Municipal Airport,Ardmore,US-OK,34.30301,-97.0196342,777.0
ADQ,Kodiak Airport,Kodiak,US-AK,57.75,-152.4940033,78.0
ADR,Robert F Swinnie Airport,Andrews,US-SC,33.4516983032,-79.5261993408,26.0
ADS,Addison Airport,Dallas,US-TX,32.9686012268,-96.8364028931,644.0
ADT,Ada Regional Airport,Ada,US-OK,34.805214,-96.671988,1016.0
ADW,Joint Base Andrews,Camp Springs,US-MD,38.810799,-76.866997,280.0
AEL,Albert Lea Municipal Airport,Albert Lea,US-MN,43.68149948,-93.36720276,1260.0
AET,Allakaket Airport,Allakaket,US-AK,66.551804,-152.621994,441.0
AEX,Alexandria International Airport,Alexandria,US-LA,31.325828,-92.546702,89.0
AFF,USAF Academy Airfield,Colorado Springs,US-CO,38.972497,-104.821125,6572.0
AFN,Jaffrey Airfield Silver Ranch Airport,Jaffrey,US-NH,42.805099,-72.002998,1040.0
AFO,Afton Municipal Airport,Afton,US-WY,42.7112007141,-110.942001343,6221.0
AFW,Perot Field/Fort Worth Alliance Airport,Fort Worth,US-TX,32.99044,-97.31947,722.0
AGC,Allegheny County Airport,Pittsburgh,US-PA,40.354401,-79.930199,1252.0
AGN,Angoon Seaplane Base,Angoon,US-AK,57.497097,-134.56722,
AGO,Magnolia Municipal Airport / Ralph C Weiser Field,Magnolia,US-AR,33.228001,-93.217002,319.0
AGS,Augusta Regional At Bush Field,Augusta,US-GA,33.3699,-81.9645,144.0
AHC,Amedee Army Air Field,Herlong,US-CA,40.26620102,-120.1529999,4012.0
AHD,Ardmore Downtown Executive Airport,Ardmore,US-OK,34.1469993591,-97.1227035522,844.0
AHF,Arapahoe Municipal Airport,Arapahoe,US-NE,40.341576,-99.907839,2270.0
AHH,Amery Municipal Airport,Amery,US-WI,45.2811012268,-92.3753967285,1088.0
AHM,Ashland Municipal Airport Sumner Parker Field,Ashland,US-OR,42.190265,-122.660648,1885.0
AHN,Athens Ben Epps Airport,Athens,US-GA,33.948842,-83.325634,808.0
AIA,Alliance Municipal Airport,Alliance,US-NE,42.052543,-102.803965,3931.0
AID,Anderson Municipal Darlington Field,Anderson,US-IN,40.10860061649999,-85.6129989624,919.0
AIK,Aiken Regional Airport,Aiken,US-SC,33.649399,-81.684998,528.0
AIN,Wainwright Airport,Wainwright,US-AK,70.638,-159.994995,41.0
AIO,Atlantic Municipal Airport,Atlantic,US-IA,41.40729904,-95.04689789,1165.0
AIV,George Downer Airport,Aliceville,US-AL,33.106499,-88.1978,150.0
AIZ,Lee C Fine Memorial Airport,Kaiser Lake Ozark,US-MO,38.0960006714,-92.54949951170002,869.0
AKB,Atka Airport,Atka,US-AK,52.220299,-174.205994,57.0
AKC,Akron Fulton International Airport,Akron,US-OH,41.037355,-81.46784,1067.0
AKI,Akiak Airport,Akiak,US-AK,60.902646,-161.23106,30.0
AKK,Akhiok Airport,Akhiok,US-AK,56.938702,-154.182999,44.0
AKN,King Salmon Airport,King Salmon,US-AK,58.677845,-156.651965,73.0
AKO,Colorado Plains Regional Airport,Akron,US-CO,40.1755981445,-103.222000122,4714.0
AKP,Anaktuvuk Pass Airport,Anaktuvuk Pass,US-AK,68.133598,-151.742996,2102.0
ALB,Albany International Airport,Albany,US-NY,42.748299,-73.801697,285.0
ALE,Alpine Casparis Municipal Airport,Alpine,US-TX,30.384199,-103.683998,4515.0
ALI,Alice International Airport,Alice,US-TX,27.7409,-98.026901,178.0
ALM,Alamogordo White Sands Regional Airport,Alamogordo,US-NM,32.837818,-105.993149,4200.0
ALN,St Louis Regional Airport,Alton/St Louis,US-IL,38.89030075069999,-90.0459976196,544.0
ALO,Waterloo Regional Airport,Waterloo,US-IA,42.557098388671875,-92.40029907226562,873.0
ALS,San Luis Valley Regional Airport/Bergman Field,Alamosa,US-CO,37.434898,-105.866997,7539.0
ALW,Walla Walla Regional Airport,Walla Walla,US-WA,46.09489822,-118.288002,1194.0
ALX,Thomas C Russell Field,Alexander City,US-AL,32.914699554399995,-85.9629974365,686.0
ALZ,Alitak Seaplane Base,Lazy Bay,US-AK,56.897294,-154.249692,
AMA,Rick Husband Amarillo International Airport,Amarillo,US-TX,35.217857,-101.706444,3607.0
AMK,Animas Air Park,Durango,US-CO,37.203201,-107.869003,6684.0
AMN,Gratiot Community Airport,Alma,US-MI,43.322101593,-84.68800354,754.0
AMW,Ames Municipal Airport,Ames,US-IA,41.992001,-93.621803,956.0
ANB,Anniston Regional Airport,Anniston,US-AL,33.5882,-85.8581,612.0
ANC,Ted Stevens Anchorage International Airport,Anchorage,US-AK,61.179004,-149.992561,152.0
AND,Anderson Regional Airport,Anderson,US-SC,34.4945983887,-82.70939636230001,782.0
ANI,Aniak Airport,Aniak,US-AK,61.581600189208984,-159.54299926757812,88.0
ANN,Annette Island Airport,Metlakatla,US-AK,55.037663,-131.572609,119.0
ANP,Lee Airport,Annapolis,US-MD,38.942902,-76.568398,34.0
ANQ,Tri State Steuben County Airport,Angola,US-IN,41.639702,-85.083504,995.0
ANV,Anvik Airport,Anvik,US-AK,62.646702,-160.190994,291.0
ANW,Ainsworth Regional Airport,Ainsworth,US-NE,42.579201,-99.992995,2589.0
ANY,Anthony Municipal Airport,Anthony,US-KS,37.158501,-98.079597,1340.0
AOH,Lima Allen County Airport,Lima,US-OH,40.706902,-84.026703,975.0
AOO,Altoona Blair County Airport,Altoona,US-PA,40.296398,-78.32,1503.0
AOS,Amook Bay Seaplane Base,Amook Bay,US-AK,57.4715003967,-153.815002441,
APA,Centennial Airport,Denver,US-CO,39.57009888,-104.848999,5885.0
APC,Napa County Airport,Napa,US-CA,38.2132,-122.280998,35.0
APF,Naples Municipal Airport,Naples,US-FL,26.1525993347,-81.7752990723,8.0
APG,Phillips Army Air Field,Aberdeen,US-MD,39.466202,-76.1688,57.0
APH,Mary Walker LZ Airport,Bowling Green,US-VA,38.068631,-77.319318,220.0
APN,Alpena County Regional Airport,Alpena,US-MI,45.0780983,-83.56030273,690.0
APT,Marion County Airport - Brown Field,Jasper,US-TN,35.060699,-85.585297,641.0
APV,Apple Valley Airport,Apple Valley,US-CA,34.575298309299995,-117.185997009,3062.0
AQY,Girdwood-Alyeska Airport,Girdwood,US-AK,60.968774,-149.119792,150.0
ARA,Acadiana Regional Airport,New Iberia,US-LA,30.0378,-91.883904,24.0
ARB,Ann Arbor Municipal Airport,Ann Arbor,US-MI,42.2229995728,-83.74559783939999,839.0
ARC,Arctic Village Airport,Arctic Village,US-AK,68.1147,-145.578995,2092.0
ARE,Antonio Nery Juarbe Pol Airport,Arecibo,PR-U-A,18.45085,-66.675768,23.0
ARG,Walnut Ridge Regional Airport,Walnut Ridge,US-AR,36.124667,-90.925111,279.0
ART,Watertown International Airport,Watertown,US-NY,43.991901,-76.021698,325.0
ARV,Lakeland Airport Noble F Lee Memorial Field,Woodruff,US-WI,45.927898,-89.730904,1629.0
ASE,Aspen-Pitkin County Airport (Sardy Field),Aspen,US-CO,39.223202,-106.869003,7820.0
ASH,Nashua Airport / Boire Field,Nashua,US-NH,42.7817,-71.514801,199.0
ASL,Harrison County Airport,Marshall,US-TX,32.5205001831,-94.307800293,357.0
ASN,Talladega Municipal Airport,Talladega,US-AL,33.569900512699995,-86.05090332030001,529.0
ASQ,Austin Airport,Austin,US-NV,39.467708,-117.197576,5730.0
AST,Astoria Regional Airport,Astoria,US-OR,46.158000946,-123.878997803,15.0
ASX,John F Kennedy Memorial Airport,Ashland,US-WI,46.54850006,-90.91899872,827.0
ASY,Ashley Municipal Airport,Ashley,US-ND,46.0238990784,-99.3526000977,2032.0
ATE,Antlers Municipal Airport,Antlers,US-OK,34.1926002502,-95.6499023438,575.0
ATK,Atqasuk Edward Burnell Sr Memorial Airport,Atqasuk,US-AK,70.46704,-157.436013,96.0
ATL,Hartsfield Jackson Atlanta International Airport,Atlanta,US-GA,33.6367,-84.428101,1026.0
ATO,Ohio University Airport,Albany,US-OH,39.211839,-82.22949,766.0
ATS,Artesia Municipal Airport,Artesia,US-NM,32.8525009155,-104.468002319,3541.0
ATT,Atmautluak Airport,Atmautluak,US-AK,60.866699,-162.272996,17.0
ATU,Casco Cove Coast Guard Station,Attu,US-AK,52.829797,173.173796,40.0
ATW,Appleton International Airport,Appleton,US-WI,44.258515,-88.519,918.0
ATY,Watertown Regional Airport,Watertown,US-SD,44.91400146,-97.15470123,1749.0
AUG,Augusta State Airport,Augusta,US-ME,44.320598602299995,-69.7973022461,352.0
AUK,Alakanuk Airport,Alakanuk,US-AK,62.682653,-164.722481,10.0
AUM,Austin Municipal Airport,Austin,US-MN,43.66500092,-92.93340302,1234.0
AUN,Auburn Municipal Airport,Auburn,US-CA,38.95479965,-121.0820007,1539.0
AUO,Auburn University Regional Airport,Auburn,US-AL,32.615101,-85.433998,777.0
AUS,Austin Bergstrom International Airport,Austin,US-TX,30.197535,-97.662015,542.0
AUW,Wausau Downtown Airport,Wausau,US-WI,44.9262008667,-89.6266021729,1201.0
AUZ,Aurora Municipal Airport,Chicago/Aurora,US-IL,41.771900177,-88.47570037839999,712.0
AVL,Asheville Regional Airport,Asheville,US-NC,35.435488,-82.541853,2165.0
AVO,Avon Park Executive Airport,Avon Park,US-FL,27.59119987,-81.52780151,160.0
AVP,Wilkes-Barre/Scranton International Airport,Wilkes-Barre/Scranton,US-PA,41.337064,-75.724232,962.0
AVW,Marana Regional Airport,Marana,US-AZ,32.409065,-111.216199,2031.0
AVX,Catalina Airport,Avalon,US-CA,33.4049,-118.416,1602.0
AWM,West Memphis Municipal Airport,West Memphis,US-AR,35.1351013184,-90.2343978882,212.0
AXB,Maxson Airfield,Alexandria Bay,US-NY,44.312002,-75.90034,340.0
AXG,Algona Municipal Airport,Algona,US-IA,43.078104,-94.271836,1219.0
AXN,Chandler Field,Alexandria,US-MN,45.866299,-95.394699,1425.0
AXS,Altus Quartz Mountain Regional Airport,Altus,US-OK,34.697952,-99.3385,1433.0
AXV,Neil Armstrong Airport,Wapakoneta,US-OH,40.49340057,-84.29889679,913.0
AXX,Angel Fire Airport,Angel Fire,US-NM,36.422001,-105.290001,8380.0
AYS,Waycross Ware County Airport,Waycross,US-GA,31.2490997314,-82.39550018310001,142.0
AZA,Mesa Gateway Airport,Mesa,US-AZ,33.3078,-111.654999,1382.0
AZO,Kalamazoo/Battle Creek International Airport,Kalamazoo,US-MI,42.232105,-85.549637,874.0
BAB,Beale Air Force Base,Beale Air Force Base,US-CA,39.136101,-121.436996,113.0
BAD,Barksdale Air Force Base,Bossier City,US-LA,32.501801,-93.662697,166.0
BAF,Westfield-Barnes Regional Airport,Westfield,US-MA,42.157799,-72.715599,271.0
BAM,Battle Mountain Airport,Battle Mountain,US-NV,40.598999023400005,-116.874000549,4532.0
BBB,Benson Municipal Airport,Benson,US-MN,45.331902,-95.650597,1039.0
BBC,Bay City Regional Airport,Bay City,US-TX,28.973301,-95.863503,45.0
BBD,Curtis Field,Brady,US-TX,31.178931,-99.324732,1827.0
BBW,Broken Bow Municipal Airport,Broken Bow,US-NE,41.4365005493,-99.6421966553,2547.0
BBX,Wings Field,Philadelphia,US-PA,40.1375007629,-75.2650985718,302.0
BCB,Virginia Tech Montgomery Executive Airport,Blacksburg,US-VA,37.2075996399,-80.4077987671,2132.0
BCC,Bear Creek 3 Airport,Bear Creek,US-AK,63.5733160384,-156.149454117,740.0
BCE,Bryce Canyon Airport,Bryce Canyon,US-UT,37.706401825,-112.144996643,7590.0
BCS,Southern Seaplane Airport,Belle Chasse,US-LA,29.866078,-90.021608,
BCT,Boca Raton Airport,Boca Raton,US-FL,26.3785,-80.107697,13.0
BDE,Baudette International Airport,Baudette,US-MN,48.728401,-94.612198,1086.0
BDF,Rinkenberger Restricted Landing Area,Bradford,US-IL,41.2308998108,-89.61569976810001,808.0
BDG,Blanding Municipal Airport,Blanding,US-UT,37.58330154,-109.4830017,5868.0
BDL,Bradley International Airport,Hartford,US-CT,41.938555,-72.688016,173.0
BDR,Igor I Sikorsky Memorial Airport,Bridgeport,US-CT,41.163502,-73.126198,9.0
BDX,Broadus Airport,Broadus,US-MT,45.470462,-105.457145,3280.0
BDY,Bandon State Airport,Bandon,US-OR,43.08649826,-124.4079971,122.0
BEC,Beech Factory Airport,Wichita,US-KS,37.694499969499994,-97.21499633790002,1408.0
BED,Laurence G Hanscom Field,Bedford,US-MA,42.470001,-71.289001,133.0
BEH,Southwest Michigan Regional Airport,Benton Harbor,US-MI,42.128601074200006,-86.4284973145,643.0
BET,Bethel Airport,Bethel,US-AK,60.77980042,-161.8379974,126.0
BFD,Bradford Regional Airport,Bradford,US-PA,41.8031005859375,-78.64009857177734,2143.0
BFF,Western Neb. Rgnl/William B. Heilig Airport,Scottsbluff,US-NE,41.87400055,-103.5960007,3967.0
BFG,Bullfrog Basin Airport,Bullfrog,US-UT,37.547827,-110.712898,4167.0
BFI,King County International Airport - Boeing Field,Seattle,US-WA,47.527042,-122.29995,21.0
BFK,Buckley Space Force Base,Aurora,US-CO,39.701698,-104.751999,5662.0
BFL,Meadows Field,Bakersfield,US-CA,35.433601,-119.056999,510.0
BFM,Mobile Downtown Airport,Mobile,US-AL,30.626800537100003,-88.06809997559999,26.0
BFP,Beaver County Airport,Beaver Falls,US-PA,40.772499,-80.391403,1253.0
BFR,Virgil I Grissom Municipal Airport,Bedford,US-IN,38.84000015,-86.44539642,727.0
BFT,Beaufort Executive Airport,Beaufort,US-SC,32.412201,-80.634399,10.0
BGD,Hutchinson County Airport,Borger,US-TX,35.700901031499995,-101.393997192,3055.0
BGE,Decatur County Industrial Air Park,Bainbridge,US-GA,30.9715004,-84.63739777,141.0
BGM,Greater Binghamton/Edwin A Link field,Binghamton,US-NY,42.20869827,-75.97979736,1636.0
BGQ,Big Lake Airport,Big Lake,US-AK,61.534658,-149.812936,158.0
BGR,Bangor International Airport,Bangor,US-ME,44.806364,-68.826668,192.0
BGT,Bagdad Airport,Bagdad,US-AZ,34.592796,-113.171993,4183.0
BHB,Hancock County-Bar Harbor Airport,Bar Harbor,US-ME,44.45000076,-68.3615036,83.0
BHM,Birmingham-Shuttlesworth International Airport,Birmingham,US-AL,33.562877,-86.750712,650.0
BID,Block Island State Airport,Block Island,US-RI,41.168446,-71.578631,108.0
BIE,Beatrice Municipal Airport,Beatrice,US-NE,40.3013,-96.754097,1324.0
BIF,Biggs Army Air Field (Fort Bliss),Fort Bliss/El Paso,US-TX,31.84950066,-106.3799973,3946.0
BIG,Allen Army Airfield,Delta Junction Ft Greely,US-AK,63.994499,-145.722,1291.0
BIH,Eastern Sierra Regional Airport,Bishop,US-CA,37.3731,-118.363998,4124.0
BIL,Billings Logan International Airport,Billings,US-MT,45.808932,-108.541242,3652.0
BIS,Bismarck Municipal Airport,Bismarck,US-ND,46.772734,-100.746874,1661.0
BIX,Keesler Air Force Base,Biloxi,US-MS,30.4104003906,-88.92440032959999,33.0
BJC,Rocky Mountain Metropolitan Airport,Denver,US-CO,39.908798,-105.116997,5673.0
BJI,Bemidji Regional Airport,Bemidji,US-MN,47.50939941,-94.93370056,1391.0
BJJ,Wayne County Airport,Wooster,US-OH,40.874801635699995,-81.88829803470001,1136.0
BKC,Buckland Airport,Buckland,US-AK,65.981598,-161.149002,31.0
BKD,Stephens County Airport,Breckenridge,US-TX,32.71900177,-98.8909988403,1284.0
BKE,Baker City Municipal Airport,Baker City,US-OR,44.8372993469,-117.808998108,3373.0
BKF,Lake Brooks Seaplane Base,Katmai National Park,US-AK,58.554798,-155.776993,36.0
BKG,Branson Airport,Branson,US-MO,36.532082,-93.200544,1302.0
BKH,Barking Sands Airport,Kekaha,US-HI,22.0228,-159.785004,23.0
BKL,Burke Lakefront Airport,Cleveland,US-OH,41.51750183105469,-81.68329620361328,583.0
BKT,Allen C Perkinson Blackstone Army Air Field,Blackstone,US-VA,37.0741996765,-77.9574966431,439.0
BKW,Raleigh County Memorial Airport,Beaver,US-WV,37.7873,-81.124199,2504.0
BKX,Brookings Regional Airport,Brookings,US-SD,44.304798,-96.816902,1648.0
BLD,Boulder City Municipal Airport,Boulder City,US-NV,35.947161,-114.858799,2201.0
BLF,Mercer County Airport,Bluefield,US-WV,37.295799,-81.207703,2857.0
BLH,Blythe Airport,Blythe,US-CA,33.6192016602,-114.717002869,399.0
BLI,Bellingham International Airport,Bellingham,US-WA,48.79280090332031,-122.53800201416016,170.0
BLM,Monmouth Executive Airport,Belmar/Farmingdale,US-NJ,40.18690109,-74.12490082,153.0
BLU,Blue Canyon Nyack Airport,Emigrant Gap,US-CA,39.2750015259,-120.709999084,5284.0
BLV,Scott AFB/Midamerica Airport,Belleville,US-IL,38.5452,-89.835197,459.0
BMC,Brigham City Regional Airport,Brigham City,US-UT,41.552399,-112.061996,4229.0
BMG,Monroe County Airport,Bloomington,US-IN,39.145999908447266,-86.61669921875,846.0
BMI,Central Illinois Regional Airport at Bloomington-Normal,Bloomington/Normal,US-IL,40.4771,-88.915901,871.0
BML,Berlin Regional Airport,Berlin,US-NH,44.57540131,-71.17590332,1161.0
BMT,Beaumont Municipal Airport,Beaumont,US-TX,30.070635,-94.215746,32.0
BMX,Big Mountain Airport,Big Mountain,US-AK,59.362274,-155.260148,663.0
BNA,Nashville International Airport,Nashville,US-TN,36.1245,-86.6782,599.0
BNF,Baranof Warm Springs Float and Seaplane Base,Baranof,US-AK,57.088799,-134.833146,0.0
BNG,Banning Municipal Airport,Banning,US-CA,33.922548,-116.850672,2219.0
BNH,Cape Air Seaplanes on Boston Harbor Seaplane Base,Boston,US-MA,42.352502,-71.025832,
BNL,Barnwell Regional Airport,Barnwell,US-SC,33.25780106,-81.38829803,246.0
BNO,Burns Municipal Airport,Burns,US-OR,43.590463,-118.955154,4148.0
BNW,Boone Municipal Airport,Boone,US-IA,42.049599,-93.847603,1160.0
BOI,Boise Air Terminal/Gowen Field,Boise,US-ID,43.5644,-116.223,2871.0
BOK,Brookings Airport,Brookings,US-OR,42.0746,-124.290001,459.0
BOS,Boston Logan International Airport,Boston,US-MA,42.36197,-71.0079,20.0
BOW,Bartow Executive Airport,Bartow,US-FL,27.943399,-81.783401,125.0
BPI,Miley Memorial Field,Big Piney,US-WY,42.58509827,-110.1110001,6990.0
BPT,Jack Brooks Regional Airport,Beaumont/Port Arthur,US-TX,29.9508,-94.020699,15.0
BQK,Brunswick Golden Isles Airport,Brunswick,US-GA,31.258801,-81.466499,26.0
BQN,Rafael Hernández International Airport,Aguadilla,PR-U-A,18.4949,-67.129402,237.0
BQV,Bartlett Cove Seaplane Base,Gustavus,US-AK,58.4552,-135.884995,
BRD,Brainerd Lakes Regional Airport,Brainerd,US-MN,46.402861,-94.129727,1232.0
BRL,Southeast Iowa Regional Airport,Burlington,US-IA,40.783199310302734,-91.12550354003906,698.0
BRO,Brownsville South Padre Island International Airport,Brownsville,US-TX,25.907238,-97.425235,22.0
BRW,Wiley Post Will Rogers Memorial Airport,Utqiaġvik,US-AK,71.285402,-156.766008,44.0
BRY,Samuels Field,Bardstown,US-KY,37.8143005371,-85.4996032715,669.0
BSF,Bradshaw Army Airfield,Waimea (Kamuela),US-HI,19.760099,-155.554001,6190.0
BSQ,Bisbee Municipal Airport,Bisbee,US-AZ,31.3640003204,-109.883003235,4780.0
BSW,Boswell Bay Airport,Boswell Bay,US-AK,60.4230995178,-146.145996094,230.0
BTF,Skypark Airport,Bountiful,US-UT,40.8694000244,-111.927001953,4234.0
BTI,Barter Island Long Range Radar Station Airport,Barter Island,US-AK,70.134003,-143.582001,2.0
BTL,Battle Creek Executive Airport at Kellogg Field,Battle Creek,US-MI,42.307301,-85.251503,952.0
BTM,Bert Mooney Airport,Butte,US-MT,45.95479965209961,-112.49700164794922,5550.0
BTN,Marlboro County Jetport - H E Avent Field Airport,Bennettsville,US-SC,34.6217,-79.734398,147.0
BTP,Pittsburgh/Butler Regional Airport,Butler,US-PA,40.776901,-79.949699,1248.0
BTR,Baton Rouge Metropolitan Airport,Baton Rouge,US-LA,30.533199,-91.149597,70.0
BTT,Bettles Airport,Bettles,US-AK,66.913902,-151.529007,647.0
BTV,Patrick Leahy Burlington International Airport,Burlington,US-VT,44.471901,-73.153297,335.0
BTY,Beatty Airport,Beatty,US-NV,36.8610992432,-116.787002563,3170.0
BUB,Cram Field,Burwell,US-NE,41.7766990662,-99.14969635010002,2182.0
BUF,Buffalo Niagara International Airport,Buffalo,US-NY,42.940498,-78.732201,728.0
BUM,Butler Memorial Airport,Butler,US-MO,38.2897987366,-94.3401031494,892.0
BUR,Hollywood Burbank/Bob Hope Airport,Burbank,US-CA,34.202834,-118.35805,778.0
BVO,Bartlesville Municipal Airport,Bartlesville,US-OK,36.762501,-96.0112,711.0
BVU,Beluga Airport,Beluga,US-AK,61.1721992493,-151.044006348,130.0
BVX,Batesville Regional Airport,Batesville,US-AR,35.7262,-91.647301,465.0
BVY,Beverly Regional Airport,Beverly / Danvers,US-MA,42.584202,-70.916496,107.0
BWC,Brawley Municipal Airport,Brawley,US-CA,32.99290085,-115.5169983,-128.0
BWD,Brownwood Regional Airport,Brownwood,US-TX,31.7936000824,-98.9564971924,1387.0
BWG,Bowling Green Warren County Regional Airport,Bowling Green,US-KY,36.964500427199994,-86.41970062259999,547.0
BWI,Baltimore/Washington International Thurgood Marshall Airport,Baltimore,US-MD,39.1754,-76.668297,146.0
BWL,Blackwell Tonkawa Municipal Airport,Blackwell,US-OK,36.745212,-97.349619,1030.0
BWM,Bowman Regional Airport,Bowman,US-ND,46.165519,-103.30075,2965.0
BXA,George R Carr Memorial Air Field,Bogalusa,US-LA,30.813699722299997,-89.8649978638,119.0
BXK,Buckeye Municipal Airport,Buckeye,US-AZ,33.422397,-112.686317,1033.0
BXS,Borrego Valley Airport,Borrego Springs,US-CA,33.2589988708,-116.320999146,520.0
BYA,Boundary Airport,Boundary,US-AK,64.077678,-141.122088,2940.0
BYG,Johnson County Airport,Buffalo,US-WY,44.3811,-106.722,4968.0
BYH,Arkansas International Airport,Blytheville,US-AR,35.9642982483,-89.94400024410001,254.0
BYI,Burley Municipal Airport,Burley,US-ID,42.542598724399994,-113.772003174,4150.0
BYS,Bicycle Lake Army Air Field,Fort Irwin/Barstow,US-CA,35.2804985046,-116.629997253,2350.0
BYW,Blakely Island Airport,Blakely Island,US-WA,48.579162,-122.823844,66.0
BZF,Benton Field,Redding,US-CA,40.5749015808,-122.407997131,719.0
BZN,Bozeman Yellowstone International Airport,Bozeman,US-MT,45.778853,-111.153711,4473.0
BZT,Eagle Air Park,Brazoria,US-TX,28.982200622559,-95.579696655273,15.0
CAD,Wexford County Airport,Cadillac,US-MI,44.275749,-85.421534,1307.0
CAE,Columbia Metropolitan Airport,Columbia,US-SC,33.938172,-81.123022,236.0
CAK,Akron Canton Regional Airport,Akron,US-OH,40.91609954833984,-81.44219970703125,1228.0
CAO,Clayton Municipal Airpark,Clayton,US-NM,36.4462013245,-103.166999817,4965.0
CAR,Caribou Municipal Airport,Caribou,US-ME,46.871498,-68.017899,626.0
CBE,Greater Cumberland Regional Airport,Wiley Ford,US-WV,39.615398,-78.760902,775.0
CBF,Council Bluffs Municipal Airport,Council Bluffs,US-IA,41.2592010498,-95.760597229,1253.0
CBK,Shalz Field,Colby,US-KS,39.42750168,-101.0469971,3187.0
CBM,Columbus Air Force Base,Columbus,US-MS,33.643799,-88.443802,219.0
CCB,Upland-Cable Airport,Upland,US-CA,34.111599,-117.688004,1444.0
CCD,Century City Heliport,Los Angeles,US-CA,34.061015,-118.417344,473.0
CCG,Crane County Airport,Crane,US-TX,31.4151000977,-102.362998962,2552.0
CCR,Buchanan Field,Concord,US-CA,37.9897,-122.056999,26.0
CCY,Northeast Iowa Regional Airport,Charles City,US-IA,43.0726013184,-92.6108016968,1125.0
CDB,Cold Bay Airport,Cold Bay,US-AK,55.207871,-162.725029,96.0
CDC,Cedar City Regional Airport,Cedar City,US-UT,37.70100021362305,-113.0989990234375,5622.0
CDH,Harrell Field,Camden,US-AR,33.622798919699996,-92.7633972168,130.0
CDK,George T Lewis Airport,Cedar Key,US-FL,29.134095,-83.050783,11.0
CDL,Candle 2 Airport,Candle,US-AK,65.907699585,-161.925994873,15.0
CDN,Woodward Field,Camden,US-SC,34.2835998535,-80.56490325930001,302.0
CDR,Chadron Municipal Airport,Chadron,US-NE,42.837601,-103.095001,3297.0
CDS,Childress Municipal Airport,Childress,US-TX,34.4337997437,-100.288002014,1954.0
CDV,Merle K (Mudhole) Smith Airport,Cordova,US-AK,60.491798,-145.477997,54.0
CDW,Essex County Airport,Caldwell,US-NJ,40.875198364300005,-74.2814025879,173.0
CEA,Cessna Aircraft Field,Wichita,US-KS,37.648601532,-97.2506027222,1378.0
CEC,Jack Mc Namara Field Airport,Crescent City,US-CA,41.778929,-124.236403,61.0
CEF,Westover Metropolitan Airport / Westover Air Reserve Base,Chicopee,US-MA,42.194,-72.534798,241.0
CEM,Central Airport,Central,US-AK,65.573815,-144.780707,937.0
CEU,Oconee County Regional Airport,Clemson,US-SC,34.6719017,-82.8864975,892.0
CEV,Mettel Field,Connersville,US-IN,39.6985015869,-85.129699707,867.0
CEW,Bob Sikes Airport,Crestview,US-FL,30.778799057,-86.522102356,213.0
CEX,Chena Hot Springs Airport,Chena Hot Springs,US-AK,65.0518035889,-146.04699707,1195.0
CEY,Murray-Calloway County Airport Kyle-Oakley Field,Murray,US-KY,36.6646,-88.372803,577.0
CEZ,Cortez Municipal Airport,Cortez,US-CO,37.303001,-108.627998,5918.0
CFD,Coulter Field,Bryan,US-TX,30.7157001495,-96.3313980103,367.0
CFT,Greenlee County Airport,Clifton,US-AZ,32.957039,-109.211397,3798.0
CFV,Coffeyville Municipal Airport,Coffeyville,US-KS,37.09400177,-95.5718994141,754.0
CGA,Craig Seaplane Base,Craig,US-AK,55.478802,-133.147995,
CGE,Cambridge Dorchester Airport,Cambridge,US-MD,38.53929901,-76.03040314,20.0
CGF,Cuyahoga County Airport,Cleveland,US-OH,41.5651016235,-81.4863967896,879.0
CGI,Cape Girardeau Regional Airport,Cape Girardeau,US-MO,37.2253,-89.570801,342.0
CGS,College Park Airport,College Park,US-MD,38.9805984497,-76.9223022461,48.0
CGZ,Casa Grande Municipal Airport,Casa Grande,US-AZ,32.954899,-111.766998,1464.0
CHA,Chattanooga Metropolitan Airport (Lovell Field),Chattanooga,US-TN,35.035301,-85.203796,683.0
CHK,Chickasha Municipal Airport,Chickasha,US-OK,35.09740067,-97.96769714,1152.0
CHL,Challis Airport,Challis,US-ID,44.522999,-114.218002,5072.0
CHO,Charlottesville Albemarle Airport,Charlottesville,US-VA,38.13859939575195,-78.4529037475586,639.0
CHP,Circle Hot Springs Airport,Circle Hot Springs,US-AK,65.485496521,-144.610992432,956.0
CHS,Charleston International Airport,Charleston,US-SC,32.896159,-80.038151,46.0
CHU,Chuathbaluk Airport,Chuathbaluk,US-AK,61.579102,-159.216003,244.0
CHZ,Chiloquin State Airport,Chiloquin,US-OR,42.57944,-121.879063,4217.0
CIC,Chico Regional Airport,Chico,US-CA,39.795595,-121.857716,240.0
CID,The Eastern Iowa Airport,Cedar Rapids,US-IA,41.884701,-91.7108,869.0
CIG,Craig Moffat Airport,Craig,US-CO,40.4952011108,-107.522003174,6193.0
CIK,Chalkyitsik Airport,Chalkyitsik,US-AK,66.644997,-143.740005,544.0
CIL,Council Airport,Council,US-AK,64.89790344240001,-163.70300293,85.0
CIN,Arthur N Neu Airport,Carroll,US-IA,42.0461997986,-94.7890014648,1204.0
CIR,Cairo Regional Airport,Cairo,US-IL,37.064499,-89.219597,321.0
CIU,Chippewa County International Airport,Kincheloe,US-MI,46.242038,-84.462082,800.0
CKA,Kegelman AF Aux Field,Cherokee,US-OK,36.734348,-98.123531,1202.0
CKB,North Central West Virginia Airport,Bridgeport,US-WV,39.2966,-80.228104,1217.0
CKD,Crooked Creek Airport,Crooked Creek,US-AK,61.870315,-158.137636,178.0
CKE,Lampson Field,Lakeport,US-CA,38.9906005859,-122.901000977,1379.0
CKK,Sharp County Regional Airport,Ash Flat,US-AR,36.26490021,-91.56259918,716.0
CKM,Fletcher Field,Clarksdale,US-MS,34.2997016907,-90.512298584,173.0
CKN,Crookston Municipal Kirkwood Field,Crookston,US-MN,47.8417015076,-96.62159729,899.0
CKR,Crane Island Airstrip,Crane Island,US-WA,48.5978,-122.9979,108.0
CKU,Cordova Municipal Airport,Cordova,US-AK,60.5438995361,-145.727005005,12.0
CKV,Clarksville–Montgomery County Regional Airport,Clarksville,US-TN,36.6218986511,-87.4150009155,550.0
CKX,Chicken Airport,Chicken,US-AK,64.066495,-141.951342,1640.0
CLD,McClellan-Palomar Airport,Carlsbad,US-CA,33.1283,-117.279999,331.0
CLE,Cleveland Hopkins International Airport,Cleveland,US-OH,41.411701,-81.8498,791.0
CLG,New Coalinga Municipal Airport,Coalinga,US-CA,36.163101,-120.293999,622.0
CLI,Clintonville Municipal Airport,Clintonville,US-WI,44.613800048799995,-88.731300354,822.0
CLK,Clinton Regional Airport,Clinton,US-OK,35.5383,-98.932701,1616.0
CLL,Easterwood Field,College Station,US-TX,30.5886,-96.3638,320.0
CLM,William R Fairchild International Airport,Port Angeles,US-WA,48.120201,-123.5,291.0
CLP,Clarks Point Airport,Clarks Point,US-AK,58.833698,-158.529007,80.0
CLR,Cliff Hatfield Memorial Airport,Calipatria,US-CA,33.131500244099996,-115.521003723,-182.0
CLS,Chehalis Centralia Airport,Chehalis,US-WA,46.676998,-122.983002,176.0
CLT,Charlotte Douglas International Airport,Charlotte,US-NC,35.2140007019043,-80.94309997558594,748.0
CLU,Columbus Municipal Airport,Columbus,US-IN,39.262386,-85.895576,656.0
CLW,Clearwater Air Park,Clearwater,US-FL,27.9766998291,-82.7586975098,71.0
CMH,John Glenn Columbus International Airport,Columbus,US-OH,39.998001,-82.891899,815.0
CMI,University of Illinois Willard Airport,Savoy,US-IL,40.039819,-88.276249,755.0
CMX,Houghton County Memorial Airport,Hancock,US-MI,47.168399810791016,-88.48909759521484,1095.0
CMY,Sparta Fort McCoy Airport,Sparta,US-WI,43.958009,-90.737886,837.0
CNE,Fremont County Airport,Penrose,US-CO,38.429739,-105.108562,5439.0
CNH,Claremont Municipal Airport,Claremont,US-NH,43.3703994751,-72.36869812009999,545.0
CNK,Blosser Municipal Airport,Concordia,US-KS,39.5493011475,-97.6522979736,1486.0
CNM,Cavern City Air Terminal,Carlsbad,US-NM,32.337501525878906,-104.26300048828124,3295.0
CNO,Chino Airport,Chino,US-CA,33.97470093,-117.637001,650.0
CNU,Chanute Martin Johnson Airport,Chanute,US-KS,37.668173,-95.486727,1002.0
CNW,TSTC Waco Airport,Waco,US-TX,31.641129,-97.073335,470.0
CNY,Canyonlands Regional Airport,Moab,US-UT,38.755001,-109.754997,4557.0
COA,Columbia Airport,Columbia,US-CA,38.0303993225,-120.415000916,2118.0
COD,Yellowstone Regional Airport,Cody,US-WY,44.520199,-109.024002,5102.0
COE,Coeur D'Alene Airport - Pappy Boyington Field,Coeur d'Alene,US-ID,47.7743,-116.82,2320.0
COF,Patrick Space Force Base,Cocoa Beach,US-FL,28.2349,-80.6101,8.0
COI,Merritt Island Airport,Merritt Island,US-FL,28.341600418099997,-80.6855010986,6.0
COM,Coleman Municipal Airport,Coleman,US-TX,31.841100692699996,-99.4036026001,1697.0
CON,Concord Municipal Airport,Concord,US-NH,43.20270157,-71.50229645,342.0
COP,Cooperstown-Westville Airport,Cooperstown,US-NY,42.629552,-74.890445,1260.0
COS,City of Colorado Springs Municipal Airport,Colorado Springs,US-CO,38.805801,-104.700996,6187.0
COT,Cotulla-La Salle County Airport,Cotulla,US-TX,28.45669937,-99.22029877,474.0
COU,Columbia Regional Airport,Columbia,US-MO,38.8181,-92.219597,889.0
CPM,Compton Woodley Airport,Compton,US-CA,33.8899993896,-118.244003296,97.0
CPR,Casper-Natrona County International Airport,Casper,US-WY,42.907381,-106.461609,5350.0
CPS,St Louis Downtown Airport,Cahokia/St Louis,US-IL,38.570701599100005,-90.1561965942,413.0
CPX,Benjamin Rivera Noriega Airport,Culebra,PR-U-A,18.312954,-65.303893,49.0
CRE,Grand Strand Airport,North Myrtle Beach,US-SC,33.8116989136,-78.72389984130001,32.0
CRG,Jacksonville Executive at Craig Airport,Jacksonville,US-FL,30.3362998962,-81.51439666750001,41.0
CRO,Corcoran Airport,Corcoran,US-CA,36.102661,-119.594815,197.0
CRP,Corpus Christi International Airport,Corpus Christi,US-TX,27.770399,-97.501198,44.0
CRS,C David Campbell Field Corsicana Municipal Airport,Corsicana,US-TX,32.0280990601,-96.4005966187,449.0
CRT,Z M Jack Stell Field,Crossett,US-AR,33.1782989502,-91.8802032471,184.0
CRW,Yeager Airport,Charleston,US-WV,38.3731,-81.593201,981.0
CRX,Roscoe Turner Airport,Corinth,US-MS,34.9150009155,-88.6035003662,425.0
CSE,Crested Butte Airpark,Crested Butte,US-CO,38.851918,-106.928341,8980.0
CSG,Columbus Airport,Columbus,US-GA,32.516415,-84.939602,397.0
CSM,Clinton Sherman Airport,Clinton,US-OK,35.3398017883,-99.2005004883,1922.0
CSN,Carson Airport,Carson City,US-NV,39.194331,-119.734312,4697.0
CSQ,Creston Municipal Airport,Creston,US-IA,41.0214004517,-94.3632965088,1300.0
CSV,Crossville Memorial Airport Whitson Field,Crossville,US-TN,35.95131,-85.08499,1881.0
CTB,Cut Bank International Airport,Cut Bank,US-MT,48.608657,-112.378183,3854.0
CTH,Chester County G O Carlson Airport,Coatesville,US-PA,39.97900009,-75.8655014,660.0
CTK,Canton Municipal Airport,Canton,US-SD,43.308842,-96.571225,1290.0
CTO,Calverton Executive Airpark,Calverton,US-NY,40.9151,-72.791901,75.0
CTW,Cottonwood Airport,Cottonwood,US-AZ,34.73,-112.035004,3550.0
CTX,Cortland County Chase Field,Cortland,US-NY,42.59260178,-76.21489716,1198.0
CTY,Cross City Airport,Cross City,US-FL,29.6354999542,-83.10479736330001,42.0
CTZ,Sampson County Airport,Clinton,US-NC,34.9756011963,-78.3646011353,148.0
CUB,Jim Hamilton L.B. Owens Airport,Columbia,US-SC,33.970500946,-80.9952011108,193.0
CUH,Cushing Municipal Airport,Cushing,US-OK,35.950496,-96.772371,916.0
CUS,Columbus Airport,Columbus,US-NM,31.823898,-107.629924,4024.0
CVG,Cincinnati Northern Kentucky International Airport,Cincinnati / Covington,US-KY,39.048801,-84.667801,896.0
CVN,Clovis Municipal Airport,Clovis,US-NM,34.426594,-103.078794,4216.0
CVO,Corvallis Municipal Airport,Corvallis,US-OR,44.49720001,-123.2900009,250.0
CVS,Cannon Air Force Base,Clovis,US-NM,34.382801,-103.321999,4295.0
CWA,Central Wisconsin Airport,Mosinee,US-WI,44.777448,-89.670238,1277.0
CWF,Chennault International Airport,Lake Charles,US-LA,30.2106,-93.143204,17.0
CWI,Clinton Municipal Airport,Clinton,US-IA,41.8311004639,-90.3291015625,708.0
CWS,Center Island Airport,Center Island,US-WA,48.490046,-122.831612,115.0
CWX,Cochise County Airport,Willcox,US-AZ,32.245399,-109.894997,4187.0
CXC,Chitina Airport,Chitina,US-AK,61.582901,-144.427002,556.0
CXF,Coldfoot Airport,Coldfoot,US-AK,67.25219726559999,-150.203994751,1042.0
CXL,Calexico International Airport,Calexico,US-CA,32.6694984436,-115.513000488,4.0
CXO,Conroe-North Houston Regional Airport,Houston,US-TX,30.351801,-95.414497,245.0
CYF,Chefornak Airport,Chefornak,US-AK,60.136667,-164.279167,49.0
CYM,Chatham Seaplane Base,Chatham,US-AK,57.5149,-134.945999,
CYS,Cheyenne Regional Jerry Olson Field,Cheyenne,US-WY,41.155701,-104.811997,6159.0
CYT,Yakataga Airport,Yakataga,US-AK,60.080974,-142.494541,12.0
CZC,Copper Center 2 Airport,Copper Center,US-AK,61.943713,-145.299398,1150.0
CZF,Cape Romanzof LRRS Airport,Cape Romanzof,US-AK,61.78030014,-166.0390015,464.0
CZK,Cascade Locks State Airport,Cascade Locks,US-OR,45.676599,-121.878879,151.0
CZN,Chisana Airport,Chisana,US-AK,62.071201,-142.048004,3318.0
CZO,Chistochina Airport,Chistochina,US-AK,62.5634994507,-144.669006348,1850.0
CZP,Cape Pole Seaplane Base,Cape Pole,US-AK,55.9663009644,-133.79699707,0.0
CZT,Dimmit County Airport,Carrizo Springs,US-TX,28.5221996307,-99.823600769,599.0
DAA,Davison Army Air Field,Fort Belvoir,US-VA,38.715000152600005,-77.1809997559,73.0
DAB,Daytona Beach International Airport,Daytona Beach,US-FL,29.18255,-81.059464,34.0
DAG,Barstow Daggett Airport,Daggett,US-CA,34.85369873,-116.7870026,1930.0
DAL,Dallas Love Field,Dallas,US-TX,32.844776,-96.847653,487.0
DAN,Danville Regional Airport,Danville,US-VA,36.572899,-79.336098,571.0
DAY,James M. Cox Dayton International Airport,Dayton,US-OH,39.902401,-84.219398,1009.0
DBN,W H 'Bud' Barron Airport,Dublin,US-GA,32.5644,-82.985298,309.0
DBQ,Dubuque Regional Airport,Dubuque,US-IA,42.402,-90.709503,1077.0
DBS,Dubois Municipal Airport,Dubois,US-ID,44.162057,-112.220581,5123.0
DCA,Ronald Reagan Washington National Airport,Washington,US-DC,38.8521,-77.037697,15.0
DCK,Dahl Creek Airport,Dahl Creek,US-AK,66.943298,-156.904999,260.0
DCU,Pryor Field Regional Airport,Decatur,US-AL,34.652698516799994,-86.94539642330001,592.0
DDC,Dodge City Regional Airport,Dodge City,US-KS,37.76340103149414,-99.9655990600586,2594.0
DEC,Decatur Airport,Decatur,US-IL,39.834598541259766,-88.8656997680664,682.0
DEH,Decorah Municipal Airport,Decorah,US-IA,43.275501,-91.739403,1158.0
DEN,Denver International Airport,Denver,US-CO,39.860027,-104.673792,5431.0
DET,Coleman A. Young Municipal Airport,Detroit,US-MI,42.40919876,-83.00990295,626.0
DFI,Defiance Memorial Airport,Defiance,US-OH,41.3375015259,-84.4288024902,707.0
DFW,Dallas Fort Worth International Airport,Dallas-Fort Worth,US-TX,32.896801,-97.038002,607.0
DGL,Douglas Municipal Airport,Douglas,US-AZ,31.3425998688,-109.505996704,4173.0
DGN,Dahlgren Naval Surface Warfare Center Airport,Dahlgren,US-VA,38.3325,-77.037201,18.0
DGW,Converse County Airport,Douglas,US-WY,42.79719925,-105.3860016,4933.0
DHB,Deer Harbor SPB,Deer Harbor,US-WA,48.616667,-123.002778,0.0
DHN,Dothan Regional Airport,Dothan,US-AL,31.321300506591797,-85.44960021972656,401.0
DHT,Dalhart Municipal Airport,Dalhart,US-TX,36.0225982666,-102.54699707,3991.0
DIK,Dickinson Theodore Roosevelt Regional Airport,Dickinson,US-ND,46.797533,-102.801905,2592.0
DIO,Diomede Heliport,Diomede,US-AK,65.758367,-168.953676,20.0
DJN,Delta Junction Airport,Delta Junction,US-AK,64.049861,-145.722656,1150.0
DKK,Chautauqua County-Dunkirk Airport,Dunkirk,US-NY,42.49247,-79.273102,693.0
DLF,Laughlin Air Force Base,Del Rio,US-TX,29.359501,-100.778002,1082.0
DLG,Dillingham Airport,Dillingham,US-AK,59.04470062,-158.5050049,81.0
DLH,Duluth International Airport,Duluth,US-MN,46.841873,-92.198746,1428.0
DLL,Dillon County Airport,Dillon,US-SC,34.4491004944,-79.368598938,133.0
DLN,Dillon Airport,Dillon,US-MT,45.255401611299995,-112.553001404,5241.0
DLS,Columbia Gorge Regional Airport,Dallesport / The Dalles,US-OR,45.620979,-121.170777,247.0
DMA,Davis Monthan Air Force Base,Tucson,US-AZ,32.1665000916,-110.883003235,2704.0
DMN,Deming Municipal Airport,Deming,US-NM,32.262298584,-107.721000671,4314.0
DMO,Sedalia Memorial Airport,Sedalia,US-MO,38.70740127559999,-93.1759033203,909.0
DNL,Daniel Field,Augusta,US-GA,33.4664993286,-82.0393981934,423.0
DNN,Dalton Municipal Airport,Dalton,US-GA,34.72290039,-84.87020111,709.0
DNS,Denison Municipal Airport,Denison,US-IA,41.9864006,-95.38069916,1274.0
DNV,Vermilion Regional Airport,Danville,US-IL,40.199124,-87.59663,697.0
DOV,Dover Civil Air Terminal/Dover Air Force Base,Dover,US-DE,39.129501,-75.466003,24.0
DPA,Dupage Airport,Chicago/West Chicago,US-IL,41.90779877,-88.24859619,759.0
DPG,Michael AAF (Dugway Proving Ground) Airport,Dugway Proving Ground,US-UT,40.197396,-112.935094,4349.0
DRA,Desert Rock Airport,Mercury,US-NV,36.6194,-116.032997,3314.0
DRE,Drummond Island Airport,Drummond Island,US-MI,46.0093002319,-83.74389648440001,668.0
DRF,Drift River Airport,Kenai,US-AK,60.5889015198,-152.162002563,30.0
DRG,Deering Airport,Deering,US-AK,66.068901,-162.766914,21.0
DRI,Beauregard Regional Airport,DeRidder,US-LA,30.831699,-93.339897,202.0
DRO,Durango La Plata County Airport,Durango,US-CO,37.151501,-107.753998,6685.0
DRT,Del Rio International Airport,Del Rio,US-TX,29.3742008209,-100.927001953,1002.0
DRU,Drummond Airport,Drummond,US-MT,46.621599,-113.201751,4245.0
DSI,Destin Executive Airport,Destin,US-FL,30.400101,-86.471497,23.0
DSM,Des Moines International Airport,Des Moines,US-IA,41.534027,-93.656719,958.0
DSV,Dansville Municipal Airport,Dansville,US-NY,42.570545,-77.713273,662.0
DTA,Delta Municipal Airport,Delta,US-UT,39.3805999756,-112.508003235,4759.0
DTH,Furnace Creek Airport,Death Valley,US-CA,36.463799,-116.880997,-210.0
DTL,Detroit Lakes Airport,Detroit Lakes,US-MN,46.824301,-95.883322,1397.0
DTN,Shreveport Downtown Airport,Shreveport,US-LA,32.5401992798,-93.7450027466,179.0
DTR,Decatur Shores Airport,Decatur,US-WA,48.500171,-122.813973,38.0
DTW,Detroit Metropolitan Wayne County Airport,Detroit,US-MI,42.21377,-83.353786,645.0
DTX,McKinney National Airport,Dallas,US-TX,33.177898,-96.5905,585.0
DUA,Durant Regional Airport - Eaker Field,Durant,US-OK,33.939675,-96.395072,699.0
DUC,Halliburton Field,Duncan,US-OK,34.47090149,-97.9598999,1114.0
DUF,Pine Island Airport,Corolla,US-NC,36.252744,-75.785256,16.0
DUG,Bisbee Douglas International Airport,Douglas Bisbee,US-AZ,31.464139,-109.60456,4154.0
DUJ,DuBois Regional Airport,Dubois,US-PA,41.17829895,-78.8986969,1817.0
DUT,Tom Madsen (Dutch Harbor) Airport,Unalaska,US-AK,53.89881,-166.544996,22.0
DVL,Devils Lake Regional Airport,Devils Lake,US-ND,48.115454,-98.908796,1456.0
DVN,Davenport Municipal Airport,Davenport,US-IA,41.610432,-90.589693,751.0
DVT,Phoenix Deer Valley Airport,Phoenix,US-AZ,33.6883010864,-112.083000183,1478.0
DWH,David Wayne Hooks Memorial Airport,Houston,US-TX,30.0618000031,-95.5528030396,152.0
DXE,Bruce Campbell Field,Madison,US-MS,32.438702,-90.103104,326.0
DXR,Danbury Municipal Airport,Danbury,US-CT,41.371656,-73.482227,458.0
DYL,Doylestown Airport,Doylestown,US-PA,40.3330001831,-75.1222991943,394.0
DYS,Dyess Air Force Base,Abilene,US-TX,32.420799,-99.854599,1789.0
EAA,Eagle Airport,Eagle,US-AK,64.778003,-141.150455,908.0
EAN,Phifer Airfield,Wheatland,US-WY,42.0555,-104.929001,4776.0
EAR,Kearney Regional Airport,Kearney,US-NE,40.727001,-99.006798,2131.0
EAT,Pangborn Memorial Airport,Wenatchee,US-WA,47.398899,-120.207001,1249.0
EAU,Chippewa Valley Regional Airport,Eau Claire,US-WI,44.86579895019531,-91.48429870605467,913.0
EBS,Webster City Municipal Airport,Webster City,US-IA,42.436848,-93.869905,1122.0
ECA,Iosco County Airport,East Tawas,US-MI,44.312801,-83.422302,606.0
ECG,Elizabeth City Regional Airport & Coast Guard Air Station,Elizabeth City,US-NC,36.260601,-76.174599,11.0
ECP,Northwest Florida Beaches International Airport,Panama City Beach,US-FL,30.357106,-85.795414,69.0
ECS,Mondell Field,Newcastle,US-WY,43.88379,-104.314156,4174.0
EDA,Edna Bay Seaplane Base,Edna Bay,US-AK,55.949653,-133.661012,
EDE,Northeastern Regional Airport,Edenton,US-NC,36.027698516799994,-76.56710052490001,20.0
EDF,Elmendorf Air Force Base,Anchorage,US-AK,61.251709,-149.807097,212.0
EDK,Captain Jack Thomas El Dorado Airport,El Dorado,US-KS,37.7741012573,-96.8175964355,1378.0
EDW,Edwards Air Force Base,Edwards,US-CA,34.910781,-117.886391,2312.0
EED,Needles Airport,Needles,US-CA,34.7663002014,-114.623001099,983.0
EEK,Eek Airport,Eek,US-AK,60.213173,-162.044048,12.0
EEN,Dillant Hopkins Airport,Keene,US-NH,42.898399,-72.270798,488.0
EFD,Ellington Airport,Houston,US-TX,29.6072998047,-95.1587982178,32.0
EFK,Northeast Kingdom International Airport,Newport,US-VT,44.888802,-72.229202,930.0
EFW,Jefferson Municipal Airport,Jefferson,US-IA,42.009866,-94.341717,1044.0
EGE,Eagle County Regional Airport,Eagle,US-CO,39.64260101,-106.9179993,6548.0
EGI,Duke Field,Crestview,US-FL,30.65040016,-86.52290344,191.0
EGP,Maverick County Memorial International Airport,Eagle Pass,US-TX,28.859766,-100.516682,887.0
EGV,Eagle River Union Airport,Eagle River,US-WI,45.932300567599995,-89.26830291750001,1642.0
EGX,Egegik Airport,Egegik,US-AK,58.184386,-157.374873,92.0
EHM,Cape Newenham LRRS Airport,Cape Newenham,US-AK,58.6464004517,-162.06300354,541.0
EIL,Eielson Air Force Base,Fairbanks,US-AK,64.66570282,-147.102005,547.0
EKA,Murray Field,Eureka,US-CA,40.803398,-124.112999,7.0
EKI,Elkhart Municipal Airport,Elkhart,US-IN,41.7193984985,-86.00319671630001,778.0
EKN,Elkins-Randolph County Regional Airport,Elkins,US-WV,38.889759,-79.857651,1987.0
EKO,Elko Regional Airport,Elko,US-NV,40.82490158081055,-115.79199981689452,5140.0
EKX,Addington Field / Elizabethtown Regional Airport,Elizabethtown,US-KY,37.686001,-85.925003,775.0
ELA,Eagle Lake Airport,Eagle Lake,US-TX,29.600599288900003,-96.3218994141,184.0
ELD,South Arkansas Regional Airport at Goodwin Field,El Dorado,US-AR,33.221001,-92.813301,277.0
ELI,Elim Airport,Elim,US-AK,64.6147,-162.272003,162.0
ELK,Elk City Regional Business Airport,Elk City,US-OK,35.43080139,-99.39430237,2013.0
ELM,Elmira Corning Regional Airport,Elmira/Corning,US-NY,42.1599006652832,-76.8916015625,954.0
ELN,Bowers Field,Ellensburg,US-WA,47.03300095,-120.5309982,1764.0
ELP,El Paso International Airport,El Paso,US-TX,31.809908,-106.375607,3959.0
ELV,Elfin Cove Seaplane Base,Elfin Cove,US-AK,58.195201873799995,-136.347000122,0.0
ELW,Ellamar Seaplane Base,Ellamar,US-AK,60.893818,-146.704038,0.0
ELY,Ely Airport Yelland Field,Ely,US-NV,39.29970169,-114.8420029,6259.0
ELZ,Wellsville Municipal Airport - Tarantine Field,Wellsville,US-NY,42.109501,-77.989998,2124.0
EMK,Emmonak Airport,Emmonak,US-AK,62.78609848,-164.4909973,13.0
EMM,Kemmerer Municipal Airport,Kemmerer,US-WY,41.82410049439999,-110.556999207,7285.0
EMP,Emporia Municipal Airport,Emporia,US-KS,38.3320999146,-96.1912002563,1208.0
EMT,San Gabriel Valley Airport,El Monte,US-CA,34.086102,-118.035004,296.0
ENA,Kenai Municipal Airport,Kenai,US-AK,60.570946,-151.245174,99.0
END,Vance Air Force Base,Enid,US-OK,36.339199,-97.916496,1307.0
ENL,Centralia Municipal Airport,Centralia,US-IL,38.515099,-89.091103,534.0
ENN,Nenana Municipal Airport,Nenana,US-AK,64.548772,-149.074516,362.0
ENV,Wendover Airport,Wendover,US-UT,40.7187004089,-114.03099823,4237.0
ENW,Kenosha Regional Airport,Kenosha,US-WI,42.59569931,-87.92780304,742.0
EOK,Keokuk Municipal Airport,Keokuk,US-IA,40.459899902299995,-91.4284973145,671.0
EOS,Neosho Hugh Robinson Airport,Neosho,US-MO,36.810799,-94.391701,1255.0
EPG,Browns Airport,Weeping Water,US-NE,40.8675003052,-96.1100006104,1183.0
EPH,Ephrata Municipal Airport,Ephrata,US-WA,47.307598,-119.515999,1276.0
ERI,Erie International Tom Ridge Field,Erie,US-PA,42.083127,-80.173867,732.0
ERR,Errol Airport,Errol,US-NH,44.7925,-71.1642,1245.0
ERV,Kerrville / Kerr County Airport at Louis Schreiner Field,Kerrville,US-TX,29.9767,-99.085701,1617.0
ESC,Delta County Airport,Escanaba,US-MI,45.723199,-87.088623,609.0
ESD,Orcas Island Airport,Eastsound,US-WA,48.708199,-122.910004,31.0
ESF,Esler Army Airfield / Esler Regional Airport,Alexandria,US-LA,31.394266,-92.294082,112.0
ESN,Easton Airport / Newnam Field,Easton,US-MD,38.804199,-76.069,72.0
ESO,Ohkay Owingeh Airport,Espanola,US-NM,36.026133,-106.045443,5790.0
EST,Estherville Municipal Airport,Estherville,US-IA,43.407398,-94.746399,1319.0
ESW,Easton State Airport,Easton,US-WA,47.2541999817,-121.185997009,2226.0
ETB,West Bend Municipal Airport,West Bend,US-WI,43.422278,-88.128966,887.0
ETN,Eastland Municipal Airport,Eastland,US-TX,32.4135017395,-98.8097991943,1464.0
ETS,Enterprise Municipal Airport,Enterprise,US-AL,31.29969978,-85.89990234,361.0
EUE,Eureka Airport,Eureka,US-NV,39.604198455799995,-116.004997253,5954.0
EUF,Weedon Field,Eufaula,US-AL,31.9512996674,-85.1288986206,285.0
EUG,Eugene Airport,Eugene,US-OR,44.124599,-123.211998,374.0
EVM,Eveleth–Virginia Municipal Airport,Eveleth,US-MN,47.42458,-92.499204,1379.0
EVV,Evansville Regional Airport,Evansville,US-IN,38.0369987488,-87.5324020386,418.0
EVW,Evanston-Uinta County Airport-Burns Field,Evanston,US-WY,41.27479935,-111.0350037,7143.0
EWB,New Bedford Regional Airport,New Bedford,US-MA,41.67610168457031,-70.95690155029297,80.0
EWK,Newton City-County Airport,Newton,US-KS,38.058200836199994,-97.2744979858,1533.0
EWN,Coastal Carolina Regional Airport,New Bern,US-NC,35.0730018616,-77.04290008539999,18.0
EWR,Newark Liberty International Airport,Newark,US-NJ,40.6894,-74.170545,18.0
EXI,Excursion Inlet Seaplane Base,Excursion Inlet,US-AK,58.420502,-135.449005,0.0
EYR,Yerington Municipal Airport,Yerington,US-NV,39.0041007996,-119.157997131,4378.0
EYW,Key West International Airport,Key West,US-FL,24.556119,-81.759579,3.0
FAF,Felker Army Air Field,Newport News (Fort Eustis),US-VA,37.1325,-76.608803,12.0
FAI,Fairbanks International Airport,Fairbanks,US-AK,64.815102,-147.856003,439.0
FAK,False Island Seaplane Base,False Island,US-AK,57.5321998596,-135.212997437,
FAM,Farmington Regional Airport,Farmington,US-MO,37.761101,-90.428597,946.0
FAR,Hector International Airport,Fargo,US-ND,46.9207,-96.815804,902.0
FAT,Fresno Yosemite International Airport,Fresno,US-CA,36.775767,-119.718018,336.0
FAY,Fayetteville Regional Airport - Grannis Field,Fayetteville,US-NC,34.991199,-78.880302,189.0
FBG,Simmons Army Air Field,Fort Bragg,US-NC,35.13180161,-78.93669891,244.0
FBK,Ladd Army Airfield,Fairbanks,US-AK,64.837502,-147.613998,454.0
FBL,Faribault Municipal Airport-Liz Wall Strohfus Field,Faribault,US-MN,44.32844,-93.312534,1060.0
FBR,Fort Bridger Airport,Fort Bridger,US-WY,41.3918991089,-110.406997681,7034.0
FBS,Friday Harbor Seaplane Base,Friday Harbor,US-WA,48.5373,-123.010002,
FBY,Fairbury Municipal Airport,Fairbury,US-NE,40.182998657199995,-97.1692962646,1479.0
FCA,Glacier Park International Airport,Kalispell,US-MT,48.310501,-114.255997,2977.0
FCH,Fresno Chandler Executive Airport,Fresno,US-CA,36.732399,-119.82,279.0
FCM,Flying Cloud Airport,Minneapolis,US-MN,44.8272018433,-93.4570999146,906.0
FCS,Butts AAF (Fort Carson) Air Field,Fort Carson,US-CO,38.67839813,-104.7570038,5838.0
FCY,Forrest City Municipal Airport,Forrest City,US-AR,34.942001342800005,-90.7750015259,249.0
FDK,Frederick Municipal Airport,Frederick,US-MD,39.417598724399994,-77.3742980957,303.0
FDR,Frederick Regional Airport,Frederick,US-OK,34.35200119,-98.98390198,1258.0
FDY,Findlay Airport,Findlay,US-OH,41.0135002136,-83.66870117190001,813.0
FEP,Albertus Airport,Freeport,US-IL,42.2462005615,-89.58200073239999,859.0
FET,Fremont Municipal Airport,Fremont,US-NE,41.45024,-96.522884,1204.0
FFA,First Flight Airport,Kill Devil Hills,US-NC,36.0181999207,-75.67130279540001,13.0
FFL,Fairfield Municipal Airport,Fairfield,US-IA,41.053024,-91.980114,799.0
FFM,Fergus Falls Municipal Airport - Einar Mickelson Field,Fergus Falls,US-MN,46.28440094,-96.15670013,1183.0
FFO,Wright-Patterson Air Force Base,Dayton,US-OH,39.826099,-84.048302,823.0
FFT,Capital City Airport,Frankfort,US-KY,38.181698,-84.906764,806.0
FHU,Sierra Vista Municipal Airport / Libby Army Air Field,Fort Huachuca / Sierra Vista,US-AZ,31.587383,-110.348225,4719.0
FID,Elizabeth Field,Fishers Island,US-NY,41.252099,-72.032218,9.0
FIL,Fillmore Municipal Airport,Fillmore,US-UT,38.95830154,-112.362999,4985.0
FKL,Venango Regional Airport,Franklin,US-PA,41.3778991699,-79.8603973389,1540.0
FKN,Franklin Regional Airport,Franklin,US-VA,36.698101,-76.903801,41.0
FLD,Fond du Lac County Airport,Fond du Lac,US-WI,43.7711982727,-88.48840332030001,808.0
FLG,Flagstaff Pulliam Airport,Flagstaff,US-AZ,35.139757,-111.669826,7014.0
FLL,Fort Lauderdale Hollywood International Airport,Fort Lauderdale,US-FL,26.072599,-80.152702,9.0
FLO,Florence Regional Airport,Florence,US-SC,34.18539810180664,-79.7238998413086,146.0
FLP,Marion County Regional Airport,Flippin,US-AR,36.29090118,-92.59030151,719.0
FLT,Flat Airport,Flat,US-AK,62.4525985718,-157.988998413,309.0
FLV,Sherman Army Air Field,Fort Leavenworth,US-KS,39.3683013916,-94.9147033691,772.0
FLX,Fallon Municipal Airport,Fallon,US-NV,39.4990997314,-118.749000549,3963.0
FME,Fort Meade Executive Airport,Fort Meade(Odenton),US-MD,39.0854,-76.759399,150.0
FMH,Cape Cod Coast Guard Air Station,Falmouth,US-MA,41.657899,-70.52163,131.0
FMN,Four Corners Regional Airport,Farmington,US-NM,36.741199,-108.230003,5506.0
FMS,Fort Madison Municipal Airport,Fort Madison,US-IA,40.659113,-91.327763,724.0
FMU,Florence Municipal Airport,Florence,US-OR,43.98279953,-124.111000061,51.0
FMY,Page Field,Fort Myers,US-FL,26.58659935,-81.86329650879999,17.0
FNL,Northern Colorado Regional Airport,Loveland,US-CO,40.44969,-105.011272,5016.0
FNR,Funter Bay Seaplane Base,Funter Bay,US-AK,58.2543983459,-134.897994995,0.0
FNT,Bishop International Airport,Flint,US-MI,42.969294,-83.743355,782.0
FOB,Fort Bragg Airport,Fort Bragg,US-CA,39.472445,-123.795319,71.0
FOD,Fort Dodge Regional Airport,Fort Dodge,US-IA,42.552624,-94.191237,1156.0
FOE,Topeka Regional Airport,Topeka,US-KS,38.950901,-95.663597,1078.0
FOK,Francis S Gabreski Airport,Westhampton Beach,US-NY,40.8437004089,-72.6317977905,67.0
FPR,Treasure Coast International Airport,Fort Pierce,US-FL,27.4951,-80.368301,24.0
FPY,Perry-Foley Airport,Perry,US-FL,30.0693,-83.580597,44.0
FRD,Friday Harbor Airport,Friday Harbor,US-WA,48.523654,-123.024645,113.0
FRG,Republic Airport,East Farmingdale,US-NY,40.728576,-73.414267,82.0
FRH,French Lick Municipal Airport,French Lick,US-IN,38.5061988831,-86.63690185550001,792.0
FRI,Marshall Army Air Field,Fort Riley (Junction City),US-KS,39.053021,-96.764202,1065.0
FRM,Fairmont Municipal Airport,Fairmont,US-MN,43.643901825,-94.4156036377,1162.0
FRN,Bryant Army Airfield,Fort Richardson,US-AK,61.266399,-149.653,378.0
FRR,Front Royal Warren County Airport,Front Royal,US-VA,38.9175,-78.253502,709.0
FRY,Eastern Slopes Regional Airport,Fryeburg,US-ME,43.991100311299995,-70.9478988647,454.0
FSD,Sioux Falls Regional Airport,Sioux Falls,US-SD,43.585463,-96.741152,1429.0
FSI,Henry Post Army Air Field,Fort Sill,US-OK,34.649799,-98.402199,1189.0
FSK,Fort Scott Municipal Airport,Fort Scott,US-KS,37.7984008789,-94.7694015503,918.0
FSM,Fort Smith Regional Airport,Fort Smith,US-AR,35.336601,-94.367401,469.0
FST,Fort Stockton Pecos County Airport,Fort Stockton,US-TX,30.9157009125,-102.916000366,3011.0
FSU,Fort Sumner Municipal Airport,Fort Sumner,US-NM,34.4833984375,-104.217002869,4165.0
FTI,Fitiuta Airport,Fitiuta Village,AS-MA,-14.216131,-169.423771,110.0
FTK,Godman Army Air Field,Fort Knox,US-KY,37.9071006775,-85.9720993042,756.0
FTW,Fort Worth Meacham International Airport,Fort Worth,US-TX,32.819919,-97.360818,710.0
FTY,Fulton County Airport Brown Field,Atlanta,US-GA,33.7790985107,-84.5214004517,841.0
FUL,Fullerton Municipal Airport,Fullerton,US-CA,33.8720016479,-117.980003357,96.0
FWA,Fort Wayne International Airport,Fort Wayne,US-IN,40.978896,-85.194465,814.0
FWH,NAS Fort Worth JRB / Carswell Field,Fort Worth,US-TX,32.769199,-97.441498,650.0
FWL,Farewell Airport,Farewell,US-AK,62.509327,-153.892279,1535.0
FXE,Fort Lauderdale Executive Airport,Fort Lauderdale,US-FL,26.1972999573,-80.1707000732,13.0
FXY,Forest City Municipal Airport,Forest City,US-IA,43.23469925,-93.62409973,1229.0
FYM,Fayetteville Municipal Airport,Fayetteville,US-TN,35.059700012200004,-86.5640029907,984.0
FYU,Fort Yukon Airport,Fort Yukon,US-AK,66.571651,-145.249987,433.0
FYV,Drake Field,Fayetteville,US-AR,36.00510025024414,-94.17009735107422,1251.0
GAB,Gabbs Airport,Gabbs,US-NV,38.923173,-117.9572,4700.0
GAD,Northeast Alabama Regional Airport,Gadsden,US-AL,33.972599,-86.088996,569.0
GAG,Gage Heibeck Airport,Gage,US-OK,36.295502,-99.776398,2223.0
GAI,Montgomery County Airpark,Gaithersburg,US-MD,39.168301,-77.166,539.0
GAL,Edward G. Pitka Sr Airport,Galena,US-AK,64.736198,-156.936997,153.0
GAM,Gambell Airport,Gambell,US-AK,63.767694,-171.733303,27.0
GBD,Great Bend Municipal Airport,Great Bend,US-KS,38.344299,-98.8592,1887.0
GBG,Galesburg Municipal Airport,Galesburg,US-IL,40.9379997253,-90.431098938,764.0
GBH,Galbraith Lake Airport,Galbraith Lake,US-AK,68.4796981812,-149.490005493,2663.0
GBR,Walter J. Koladza Airport,Great Barrington,US-MA,42.18420029,-73.40319824,739.0
GCC,Northeast Wyoming Regional Airport,Gillette,US-WY,44.3489,-105.539001,4365.0
GCD,Grand Coulee Dam Airport,Electric City,US-WA,47.922000885,-119.083000183,1588.0
GCK,Garden City Regional Airport,Garden City,US-KS,37.9275016785,-100.723999023,2891.0
GCN,Grand Canyon National Park Airport,Grand Canyon - Tusayan,US-AZ,35.9524,-112.147003,6609.0
GCT,Grand Canyon Bar Ten Airstrip,Littlefield,US-AZ,36.257984,-113.231063,4100.0
GCW,Grand Canyon West Airport,Peach Springs,US-AZ,35.985787,-113.817072,4825.0
GCY,Greeneville Municipal Airport,Greeneville,US-TN,36.195648,-82.811482,1608.0
GDC,Donaldson Field Airport,Greenville,US-SC,34.758301,-82.376404,955.0
GDH,Golden Horn Lodge Seaplane Base,Golden Horn Lodge,US-AK,59.7470016479,-158.875,91.0
GDM,Gardner Municipal Airport,Gardner,US-MA,42.5499992371,-72.0160980225,955.0
GDV,Dawson Community Airport,Glendive,US-MT,47.137658,-104.80691,2458.0
GDW,Gladwin Zettel Memorial Airport,Gladwin,US-MI,43.9706001282,-84.47499847410002,776.0
GED,Delaware Coastal Airport,Georgetown,US-DE,38.689201,-75.358902,53.0
GEG,Spokane International Airport,Spokane,US-WA,47.6199,-117.533997,2376.0
GEY,South Big Horn County Airport,Greybull,US-WY,44.51679993,-108.0830002,3939.0
GFA,Malmstrom Air Force Base,Great Falls,US-MT,47.504699707,-111.18699646,3472.0
GFD,Pope Field,Greenfield,US-IN,39.790715,-85.735019,895.0
GFK,Grand Forks International Airport,Grand Forks,US-ND,47.949299,-97.176102,845.0
GFL,Floyd Bennett Memorial Airport,Glens Falls,US-NY,43.3412017822,-73.6102981567,328.0
GGE,Georgetown County Airport,Georgetown,US-SC,33.3116989136,-79.3196029663,39.0
GGG,East Texas Regional Airport,Longview,US-TX,32.38399887084961,-94.71150207519533,365.0
GGW,Glasgow Valley County Airport Wokal Field,Glasgow,US-MT,48.212502,-106.614998,2296.0
GHM,Centerville Municipal Airport,Centerville,US-TN,35.8373985291,-87.44539642330001,768.0
GIF,Winter Haven Regional Airport - Gilbert Field,Winter Haven,US-FL,28.062901,-81.753304,145.0
GJT,Grand Junction Regional Airport,Grand Junction,US-CO,39.126663,-108.529387,4858.0
GKN,Gulkana Airport,Gulkana,US-AK,62.155859,-145.454662,1586.0
GKT,Gatlinburg-Pigeon Forge Airport,Sevierville,US-TN,35.85779953,-83.52870178219999,1014.0
GLB,San Carlos Apache Airport,Globe,US-AZ,33.3531,-110.667,3261.0
GLD,Goodland Municipal Airport,Goodland,US-KS,39.370701,-101.699753,3656.0
GLE,Gainesville Municipal Airport,Gainesville,US-TX,33.651401519800004,-97.1969985962,845.0
GLH,Mid Delta Regional Airport,Greenville,US-MS,33.482899,-90.985603,131.0
GLR,Gaylord Regional Airport,Gaylord,US-MI,45.0135002136,-84.7035980225,1328.0
GLS,Scholes International At Galveston Airport,Galveston,US-TX,29.265301,-94.860397,6.0
GLV,Golovin Airport,Golovin,US-AK,64.550499,-163.007004,59.0
GLW,Glasgow Municipal Airport,Glasgow,US-KY,37.03179932,-85.9536972,716.0
GMT,Granite Mountain Air Station,Granite Mountain,US-AK,65.40209961,-161.2810059,1313.0
GMU,Greenville Downtown Airport,Greenville,US-SC,34.847903,-82.350217,1048.0
GMV,Monument Valley Airport,Oljato-Monument Valley,US-UT,37.015868,-110.202031,5192.0
GNF,Gansner Field,Quincy,US-CA,39.943902,-120.945,3415.0
GNG,Gooding Municipal Airport,Gooding,US-ID,42.91719818,-114.7649994,3732.0
GNT,Grants-Milan Municipal Airport,Grants,US-NM,35.167301178,-107.902000427,6537.0
GNU,Goodnews Airport,Goodnews,US-AK,59.117561,-161.575241,15.0
GNV,Gainesville Regional Airport,Gainesville,US-FL,29.6900997162,-82.2717971802,152.0
GOK,Guthrie-Edmond Regional Airport,Guthrie,US-OK,35.84980011,-97.41560364,1069.0
GOL,Gold Beach Municipal Airport,Gold Beach,US-OR,42.41339874,-124.4240036,20.0
GON,Groton New London Airport,Groton,US-CT,41.330101,-72.045097,9.0
GPT,Gulfport Biloxi International Airport,Gulfport,US-MS,30.405582,-89.069836,28.0
GPZ,Grand Rapids Itasca Co-Gordon Newstrom field,Grand Rapids,US-MN,47.21110153,-93.50980377,1355.0
GQQ,Galion Municipal Airport,Galion,US-OH,40.7533988953,-82.7238006592,1224.0
GRB,Austin Straubel International Airport,Green Bay,US-WI,44.483459,-88.130805,695.0
GRD,Greenwood County Airport,Greenwood,US-SC,34.248699,-82.159103,631.0
GRE,Greenville Airport,Greenville,US-IL,38.836844,-89.376525,541.0
GRF,Gray Army Air Field,Fort Lewis/Tacoma,US-WA,47.07920074,-122.5810013,300.0
GRI,Central Nebraska Regional Airport,Grand Island,US-NE,40.967498779296875,-98.30960083007812,1847.0
GRK,Killeen Regional Airport / Robert Gray Army Airfield,Fort Cavazos,US-TX,31.0672,-97.828903,1015.0
GRM,Grand Marais Cook County Airport,Grand Marais,US-MN,47.8382987976,-90.3828964233,1799.0
GRN,Gordon Municipal Airport,Gordon,US-NE,42.8059997559,-102.175003052,3562.0
GRR,Gerald R. Ford International Airport,Grand Rapids,US-MI,42.880798,-85.522797,794.0
GSB,Seymour Johnson Air Force Base,Goldsboro,US-NC,35.339401,-77.960602,109.0
GSH,Goshen Municipal Airport,Goshen,US-IN,41.5264015198,-85.79290008539999,827.0
GSO,Piedmont Triad International Airport,Greensboro,US-NC,36.09937,-79.937262,925.0
GSP,Greenville-Spartanburg International Airport,Greenville/Greer/Spartanburg,US-SC,34.895699,-82.218903,964.0
GST,Gustavus Airport,Gustavus,US-AK,58.4253006,-135.7070007,35.0
GTF,Great Falls International Airport,Great Falls,US-MT,47.481998,-111.371002,3680.0
GTG,Grantsburg Municipal Airport,Grantsburg,US-WI,45.7980995178,-92.6643981934,927.0
GTP,Grants Pass Airport,Grants Pass,US-OR,42.510101,-123.388,1126.0
GTR,Golden Triangle Regional Airport,Columbus/W Point/Starkville,US-MS,33.450298,-88.5914,264.0
GTY,Gettysburg Regional Airport,Gettysburg,US-PA,39.841222,-77.274699,590.0
GUC,Gunnison Crested Butte Regional Airport,Gunnison,US-CO,38.534672,-106.934566,7680.0
GUF,Jack Edwards National Airport,Gulf Shores,US-AL,30.290501,-87.671799,17.0
GUM,Antonio B. Won Pat International Airport,Hagåtña,GU-U-A,13.485,144.797282,298.0
GUP,Gallup Municipal Airport,Gallup,US-NM,35.511653,-108.788166,6472.0
GUS,Grissom Air Reserve Base,Peru,US-IN,40.648102,-86.1521,812.0
GUY,Guymon Municipal Airport,Guymon,US-OK,36.6851005554,-101.508003235,3123.0
GVE,Gordonsville Municipal Airport,Gordonsville,US-VA,38.155998,-78.165802,454.0
GVL,Lee Gilmer Memorial Airport,Gainesville,US-GA,34.27259827,-83.8302002,1276.0
GVT,Majors Airport,Greenville,US-TX,33.0677986145,-96.0652999878,535.0
GWO,Greenwood–Leflore Airport,Greenwood,US-MS,33.495025,-90.088204,162.0
GWS,Glenwood Springs Municipal Airport,Glenwood Springs,US-CO,39.5083007812,-107.310997009,5916.0
GWV,Glendale Fokker Field,Glendale,US-WV,39.948699951200005,-80.7594985962,648.0
GXY,Greeley–Weld County Airport,Greeley,US-CO,40.4374008179,-104.633003235,4697.0
GYR,Phoenix Goodyear Airport,Goodyear,US-AZ,33.4225006104,-112.375999451,968.0
GYY,Gary/Chicago International Airport,Gary,US-IN,41.617087,-87.413206,591.0
HAB,Marion County Rankin Fite Airport,Hamilton,US-AL,34.11759949,-87.99819946,436.0
HAE,Lava Falls Heliport,Supai Village,US-AZ,36.1916007996,-113.092002869,1720.0
HAF,Half Moon Bay Airport,Half Moon Bay,US-CA,37.513401031499995,-122.500999451,66.0
HAI,Three Rivers Municipal Dr Haines Airport,Three Rivers,US-MI,41.959801,-85.593399,824.0
HAO,Butler Co Regional Airport - Hogan Field,Hamilton,US-OH,39.363800048799995,-84.5220031738,633.0
HAR,Capital City Airport,Harrisburg,US-PA,40.2170982361,-76.85150146480001,347.0
HBB,Industrial Airpark,Hobbs,US-NM,32.7668,-103.209,3707.0
HBG,Hattiesburg Bobby L Chain Municipal Airport,Hattiesburg,US-MS,31.26479912,-89.25279999,151.0
HBH,Entrance Island Seaplane Base,Entrance Island,US-AK,57.412201,-133.43848,0.0
HBK,Holbrook Municipal Airport,Holbrook,US-AZ,34.940700531,-110.138000488,5262.0
HBR,Hobart Regional Airport,Hobart,US-OK,34.991317,-99.051313,1563.0
HCA,Big Spring Mc Mahon-Wrinkle Airport,Big Spring,US-TX,32.212601,-101.522003,2573.0
HCC,Columbia County Airport,Hudson,US-NY,42.291302,-73.710297,198.0
HCR,Holy Cross Airport,Holy Cross,US-AK,62.18830108642578,-159.77499389648438,70.0
HCW,Cheraw Municipal Airport/Lynch Bellinger Field,Cheraw,US-SC,34.712898,-79.957001,239.0
HDE,Brewster Field,Holdrege,US-NE,40.452099,-99.336502,2313.0
HDH,Kawaihapai Airfield,Mokuleia,US-HI,21.5795,-158.197006,14.0
HDN,Yampa Valley Airport,Hayden,US-CO,40.481201,-107.218002,6606.0
HED,Herendeen Bay Airport,Herendeen Bay,US-AK,55.802346,-160.901346,20.0
HEE,Thompson-Robbins Airport,West Helena,US-AR,34.576571,-90.67616,242.0
HES,Hermiston Municipal Airport,Hermiston,US-OR,45.828223,-119.259024,644.0
HEY,Hanchey Army (Fort Rucker) Heliport,Fort Rucker Ozark,US-AL,31.34600067,-85.65429688,317.0
HEZ,Natchez–Adams County Airport / Hardy-Anders Field,Natchez,US-MS,31.614817,-91.297331,272.0
HFD,Hartford Brainard Airport,Hartford,US-CT,41.736698150635,-72.649398803711,18.0
HFF,Mackall Army Air Field,Hoffman,US-NC,35.036087,-79.498615,376.0
HGR,Hagerstown Regional Richard A Henson Field,Hagerstown,US-MD,39.708771,-77.728014,703.0
HGT,Tusi (Hunter Liggett) Army Heliport,Jolon,US-CA,35.9935,-121.237,1017.0
HGZ,Hog River Airport,Hogatza,US-AK,66.176133,-155.684816,534.0
HHH,Hilton Head Airport,Hilton Head Island,US-SC,32.2244,-80.697502,19.0
HHI,Wheeler Army Airfield,Wahiawa,US-HI,21.481637,-158.037048,837.0
HHR,Jack Northrop Field Hawthorne Municipal Airport,Hawthorne,US-CA,33.922798,-118.334999,66.0
HIB,Range Regional Airport,Hibbing,US-MN,47.384831,-92.836905,1354.0
HIE,Mount Washington Regional Airport,Whitefield,US-NH,44.36752,-71.545765,1074.0
HIF,Hill Air Force Base,Ogden,US-UT,41.12403,-111.973086,4789.0
HII,Lake Havasu City Airport,Lake Havasu City,US-AZ,34.570506,-114.357745,783.0
HIO,Portland Hillsboro Airport,Portland,US-OR,45.540401,-122.949997,208.0
HKA,Blytheville Municipal Airport,Blytheville,US-AR,35.940399169900004,-89.83080291750001,255.0
HKB,Healy Lake Airport,Healy Lake,US-AK,63.9958,-144.6926,1180.0
HKS,Hawkins Field,Jackson,US-MS,32.33449936,-90.22219849,341.0
HKY,Hickory Regional Airport,Hickory,US-NC,35.74110031,-81.38950348,1190.0
HLB,Batesville Airport,Batesville,US-IN,39.342861,-85.258441,973.0
HLC,Hill City Municipal Airport,Hill City,US-KS,39.37879944,-99.83149719,2238.0
HLG,Wheeling Ohio County Airport,Wheeling,US-WV,40.1749992371,-80.6463012695,1195.0
HLI,Hollister Municipal Airport,Hollister,US-CA,36.8932991028,-121.410003662,230.0
HLM,Park Township Airport,Holland,US-MI,42.795898,-86.162003,603.0
HLN,Helena Regional Airport,Helena,US-MT,46.6068,-111.983002,3877.0
HLR,Hood Army Air Field,Fort Cavazos (Killeen),US-TX,31.1387,-97.7145,924.0
HMN,Holloman Air Force Base,Alamogordo,US-NM,32.852501,-106.107002,4093.0
HMT,Hemet Ryan Airport,Hemet,US-CA,33.7340011597,-117.023002625,1512.0
HNB,Huntingburg Airport,Huntingburg,US-IN,38.2490005493,-86.95369720459999,529.0
HNC,Billy Mitchell Airport,Hatteras,US-NC,35.232799530029,-75.617797851562,17.0
HNH,Hoonah Airport,Hoonah,US-AK,58.0961,-135.410111,19.0
HNL,Daniel K. Inouye International Airport,"Honolulu, Oahu",US-HI,21.318387,-157.92567,13.0
HNM,Hana Airport,Hana,US-HI,20.795601,-156.014008,78.0
HNS,Haines Airport,Haines,US-AK,59.243921,-135.523925,15.0
HOB,Lea County Regional Airport,Hobbs,US-NM,32.6875,-103.217003,3661.0
HOM,Homer Airport,Homer,US-AK,59.644456,-151.479235,84.0
HON,Huron Regional Airport,Huron,US-SD,44.385201,-98.2285,1289.0
HOP,Campbell Army Airfield (Fort Campbell),Fort Campbell,US-KY,36.674154,-87.48974,573.0
HOT,Memorial Field Airport,Hot Springs,US-AR,34.4788,-93.096262,540.0
HOU,William P. Hobby Airport,Houston,US-TX,29.645336,-95.276812,46.0
HPB,Hooper Bay Airport,Hooper Bay,US-AK,61.523899,-166.147003,13.0
HPN,Westchester County Airport,White Plains,US-NY,41.06700134277344,-73.70760345458984,439.0
HPT,Hampton Municipal Airport,Hampton,US-IA,42.7237014771,-93.2263031006,1176.0
HPV,Princeville Airport,Hanalei,US-HI,22.209313,-159.44515,344.0
HPY,Baytown Airport,Baytown,US-TX,29.7861003876,-94.9526977539,34.0
HQM,Bowerman Airport,Hoquiam,US-WA,46.971199035599994,-123.93699646,18.0
HRL,Valley International Airport,Harlingen,US-TX,26.228500366210938,-97.65440368652344,36.0
HRO,Boone County Airport,Harrison,US-AR,36.26150131225586,-93.15470123291016,1365.0
HSB,Harrisburg-Raleigh Airport,Harrisburg,US-IL,37.811298,-88.550301,398.0
HSH,Henderson Executive Airport,Las Vegas,US-NV,35.9728012085,-115.134002686,2492.0
HSI,Hastings Municipal Airport,Hastings,US-NE,40.6053009033,-98.4279022217,1961.0
HSL,Huslia Airport,Huslia,US-AK,65.697899,-156.350998,220.0
HSP,Ingalls Field,Hot Springs,US-VA,37.95140076,-79.83390045,3793.0
HST,Homestead Air Reserve Base,Homestead,US-FL,25.4886,-80.383598,5.0
HSV,Huntsville International Airport,Huntsville,US-AL,34.636244,-86.774378,629.0
HTH,Hawthorne Industrial Airport,Hawthorne,US-NV,38.544399,-118.634002,4215.0
HTL,Roscommon County - Blodgett Memorial Airport,Houghton Lake,US-MI,44.359798,-84.671095,1150.0
HTO,Town of East Hampton Airport,East Hampton,US-NY,40.959954,-72.25105,55.0
HTS,Tri-State Airport / Milton J. Ferguson Field,Huntington,US-WV,38.366699,-82.557999,828.0
HTV,Huntsville Regional Airport,Huntsville,US-TX,30.7469005585,-95.5871963501,363.0
HTW,Lawrence County Airpark,South Point,US-OH,38.419082,-82.494922,568.0
HUA,Redstone Army Air Field,Redstone Arsnl Huntsville,US-AL,34.67869949,-86.68479919,684.0
HUC,Dr Hermenegildo Ortiz Quinones Airport,Humacao,PR-U-A,18.138082,-65.800728,33.0
HUD,Humboldt Municipal Airport,Humboldt,US-IA,42.734831,-94.245315,1093.0
HUF,"Terre Haute Regional Airport, Hulman Field",Terre Haute,US-IN,39.4515,-87.307602,589.0
HUJ,Stan Stamper Municipal Airport,Hugo,US-OK,34.03480148,-95.54190063,572.0
HUL,Houlton International Airport,Houlton,US-ME,46.1231002808,-67.792098999,489.0
HUM,Houma Terrebonne Airport,Houma,US-LA,29.5664997101,-90.6604003906,10.0
HUS,Hughes Airport,Hughes,US-AK,66.04109955,-154.2630005,299.0
HUT,Hutchinson Municipal Airport,Hutchinson,US-KS,38.0654983521,-97.86060333250002,1543.0
HVE,Hanksville Airport,Hanksville,US-UT,38.4179992676,-110.70400238,4444.0
HVN,Tweed New Haven Airport,New Haven,US-CT,41.262869,-72.887694,12.0
HVR,Havre City County Airport,Havre,US-MT,48.541387,-109.762859,2591.0
HVS,Hartsville Regional Airport,Hartsville,US-SC,34.4030990601,-80.11920166019999,364.0
HWD,Hayward Executive Airport,Hayward,US-CA,37.659198761,-122.122001648,52.0
HWI,Hawk Inlet Seaplane Base,Hawk Inlet,US-AK,58.127399,-134.755997,
HWO,North Perry Airport,Hollywood,US-FL,26.0012,-80.2407,8.0
HYA,Cape Cod Gateway Airport,Hyannis,US-MA,41.6693,-70.280403,54.0
HYG,Hydaburg Seaplane Base,Hydaburg,US-AK,55.205227,-132.830286,
HYL,Hollis Clark Bay Seaplane Base,Hollis,US-AK,55.481529,-132.646008,
HYR,Sawyer County Airport,Hayward,US-WI,46.025199890100005,-91.44429779050002,1216.0
HYS,Hays Regional Airport,Hays,US-KS,38.844521,-99.273148,1999.0
HZL,Hazleton Municipal Airport,Hazleton,US-PA,40.9868011475,-75.9949035645,1603.0
IAB,McConnell Air Force Base,Wichita,US-KS,37.621899,-97.268204,1371.0
IAD,Washington Dulles International Airport,Dulles,US-VA,38.9445,-77.455803,312.0
IAG,Niagara Falls International Airport,Niagara Falls,US-NY,43.1073,-78.946198,589.0
IAH,George Bush Intercontinental Airport,Houston,US-TX,29.9844,-95.3414,97.0
IAN,Bob Baker Memorial Airport,Kiana,US-AK,66.976128,-160.439014,166.0
ICL,Schenck Field,Clarinda,US-IA,40.72180176,-95.02639771,996.0
ICS,Cascade Airport,Cascade,US-ID,44.4938011169,-116.01599884,4742.0
ICT,Wichita Dwight D. Eisenhower National Airport,Wichita,US-KS,37.650314,-97.428583,1333.0
ICY,Icy Bay Airport,Icy Bay,US-AK,59.966269,-141.660118,50.0
IDA,Idaho Falls Regional Airport,Idaho Falls,US-ID,43.514599,-112.070999,4744.0
IDG,Ida Grove Municipal Airport,Ida Grove,US-IA,42.3326,-95.444901,1245.0
IDH,Idaho County Airport,Grangeville,US-ID,45.9426,-116.123001,3314.0
IDI,Indiana County–Jimmy Stewart Airport,Indiana,US-PA,40.631119,-79.101884,1405.0
IDP,Independence Municipal Airport,Independence,US-KS,37.1584014893,-95.7783966064,825.0
IFA,Iowa Falls Municipal Airport,Iowa Falls,US-IA,42.4707984924,-93.2699966431,1137.0
IFP,Laughlin Bullhead International Airport,Bullhead City,US-AZ,35.154726,-114.559322,701.0
IGG,Igiugig Airport,Igiugig,US-AK,59.324001,-155.901993,90.0
IGM,Kingman Airport,Kingman,US-AZ,35.259499,-113.938004,3449.0
IJX,Jacksonville Municipal Airport,Jacksonville,US-IL,39.774601,-90.238297,624.0
IKB,Wilkes County Airport,North Wilkesboro,US-NC,36.2228012085,-81.09829711910001,1301.0
IKK,Greater Kankakee Airport,Kankakee,US-IL,41.07139968869999,-87.8462982178,630.0
IKO,Nikolski Air Station,Nikolski,US-AK,52.941552,-168.849478,77.0
ILE,Skylark Field,Killeen,US-TX,31.0858001709,-97.6865005493,848.0
ILG,Wilmington Airport,Wilmington,US-DE,39.678699,-75.606499,80.0
ILI,Iliamna Airport,Iliamna,US-AK,59.754398,-154.910996,192.0
ILL,Willmar Municipal Airport John L Rice Field (2006),Willmar,US-MN,45.117552,-95.132259,1126.0
ILM,Wilmington International Airport,Wilmington,US-NC,34.272345,-77.905117,32.0
ILN,Wilmington Airpark,Wilmington,US-OH,39.427898407,-83.792098999,1077.0
IML,Imperial Municipal Airport,Imperial,US-NE,40.50930023,-101.6210022,3275.0
IMM,Immokalee Regional Airport,Immokalee,US-FL,26.427933,-81.403531,37.0
IMT,Ford Airport,Kingsford,US-MI,45.81911,-88.114557,1182.0
IND,Indianapolis International Airport,Indianapolis,US-IN,39.7173,-86.294403,797.0
INK,Winkler County Airport,Wink,US-TX,31.7796,-103.200996,2822.0
INL,Falls International Airport,International Falls,US-MN,48.566200256347656,-93.4030990600586,1185.0
INS,Creech Air Force Base,Indian Springs,US-NV,36.587200164799995,-115.672996521,3133.0
INT,Smith Reynolds Airport,Winston Salem,US-NC,36.13370132446289,-80.22200012207031,969.0
INW,Winslow Lindbergh Regional Airport,Winslow,US-AZ,35.021900177,-110.722999573,4941.0
IOW,Iowa City Municipal Airport,Iowa City,US-IA,41.6391983032,-91.5465011597,668.0
IPL,Imperial County Airport,Imperial,US-CA,32.83539,-115.574026,-54.0
IPT,Williamsport Regional Airport,Williamsport,US-PA,41.242126,-76.92245,529.0
IRB,Iraan Municipal Airport,Iraan,US-TX,30.9057006836,-101.891998291,2200.0
IRC,Circle City (New) Airport,Circle,US-AK,65.827673,-144.076195,613.0
IRK,Kirksville Regional Airport,Kirksville,US-MO,40.09349822998047,-92.5448989868164,966.0
IRS,Kirsch Municipal Airport,Sturgis,US-MI,41.813301,-85.439003,924.0
ISM,Kissimmee Gateway Airport,Orlando,US-FL,28.2898006439,-81.4371032715,82.0
ISO,Kinston Regional Jetport At Stallings Field,Kinston,US-NC,35.331401825,-77.60880279540001,93.0
ISP,Long Island MacArthur Airport,Islip,US-NY,40.796324,-73.101703,99.0
ISQ,Schoolcraft County Airport,Manistique,US-MI,45.974602,-86.171799,684.0
ISS,Wiscasset Airport,Wiscasset,US-ME,43.9613990784,-69.712600708,70.0
ISW,Alexander Field South Wood County Airport,Wisconsin Rapids,US-WI,44.3602981567,-89.83899688720001,1021.0
ITH,Ithaca Tompkins Regional Airport,Ithaca,US-NY,42.49100112915039,-76.4583969116211,1099.0
ITO,Hilo International Airport,Hilo,US-HI,19.72135,-155.045428,38.0
IUA,Canandaigua Airport,Ontario County IDA,US-NY,42.908902,-77.325226,814.0
IWD,Gogebic Iron County Airport,Ironwood,US-MI,46.525298,-90.131578,1230.0
IWS,West Houston Airport,Houston,US-TX,29.818199,-95.6726,111.0
IYK,Inyokern Airport,Inyokern,US-CA,35.65879822,-117.8300018,2457.0
JAC,Jackson Hole Airport,Jackson,US-WY,43.6073,-110.737999,6451.0
JAN,Jackson-Medgar Wiley Evers International Airport,Jackson,US-MS,32.311199,-90.075897,346.0
JAS,Jasper County Airport Bell Field,Jasper,US-TX,30.8857,-94.034897,213.0
JAX,Jacksonville International Airport,Jacksonville,US-FL,30.492469,-81.687813,30.0
JBR,Jonesboro Municipal Airport,Jonesboro,US-AR,35.83169937133789,-90.64640045166016,262.0
JBT,Bethel Seaplane Base,Bethel,US-AK,60.7820014954,-161.742996216,15.0
JCI,New Century AirCenter Airport,New Century,US-KS,38.830898,-94.890297,1087.0
JCT,Kimble County Airport,Junction,US-TX,30.5112991333,-99.7634963989,1749.0
JCY,LBJ Ranch Airport,Stonewall,US-TX,30.251801,-98.622498,1515.0
JDA,Grant County Regional Airport / Ogilvie Field,John Day,US-OR,44.404202,-118.962997,3703.0
JDN,Jordan Airport,Jordan,US-MT,47.3288,-106.953003,2662.0
JEF,Jefferson City Memorial Airport,Jefferson City,US-MO,38.5912017822,-92.1560974121,549.0
JFK,John F. Kennedy International Airport,New York,US-NY,40.639447,-73.779317,13.0
JFN,Northeast Ohio Regional Airport,Ashtabula,US-OH,41.778,-80.695503,924.0
JHM,Kapalua Airport,Lahaina,US-HI,20.9629,-156.673004,256.0
JHW,Chautauqua County-Jamestown Airport,Jamestown,US-NY,42.15425,-79.254008,1723.0
JID,Recreation and Conference Center Heliport,City of Industry,US-CA,34.020472,-117.927396,701.0
JKV,Cherokee County Airport,Jacksonville,US-TX,31.8693008423,-95.2173995972,677.0
JLA,Quartz Creek Airport,Cooper Landing,US-AK,60.484235,-149.722909,450.0
JLN,Joplin Regional Airport,Joplin,US-MO,37.151798,-94.498299,981.0
JMS,Jamestown Regional Airport,Jamestown,US-ND,46.92969894,-98.67819977,1500.0
JNU,Juneau International Airport,Juneau,US-AK,58.354935,-134.574416,21.0
JOT,Joliet Regional Airport,Joliet,US-IL,41.51779938,-88.17549896,582.0
JPN,Pentagon Army Heliport,Washington DC,US-VA,38.874908,-77.056682,40.0
JRA,West 30th Street Heliport,New York,US-NY,40.755107,-74.006896,7.0
JRB,Downtown Skyport Heliport,New York,US-NY,40.700711,-74.008573,7.0
JRF,Kalaeloa Airport,Kapolei,US-HI,21.3074,-158.070009,30.0
JST,John Murtha Johnstown Cambria County Airport,Johnstown,US-PA,40.31610107421875,-78.83390045166016,2284.0
JVI,Central Jersey Regional Airport,Manville,US-NJ,40.5243988037,-74.59839630130001,86.0
JVL,Southern Wisconsin Regional Airport,Janesville,US-WI,42.620300293,-89.0416030884,808.0
JXN,Jackson County Airport/Reynolds Field,Jackson,US-MI,42.260509,-84.463019,1001.0
KAE,Kake Seaplane Base,Kake,US-AK,56.973,-133.945999,
KAL,Kaltag Airport,Kaltag,US-AK,64.31864,-158.74197,181.0
KBC,Birch Creek Airport,Birch Creek,US-AK,66.2740020752,-145.824005127,450.0
KBE,Bell Island Hot Springs Seaplane Base,Bell Island,US-AK,55.9291,-131.572006,
KBW,Chignik Bay Seaplane Base,Chignik,US-AK,56.295600891099994,-158.401000977,
KCC,Coffman Cove Seaplane Base,Coffman Cove,US-AK,56.012586,-132.835093,
KCG,Chignik Airport,Chignik,US-AK,56.311501,-158.373001,18.0
KCL,Chignik Lagoon Airport,Chignik Flats,US-AK,56.310776,-158.534818,25.0
KCN,Chernofski Harbor Seaplane Base,Chernofski Harbor,US-AK,53.402899,-167.520272,
KCQ,Chignik Lake Airport,Chignik Lake,US-AK,56.255001,-158.774994,50.0
KCR,Colorado Creek Airport,Colorado Creek,US-AK,63.571196,-156.006653,860.0
KDK,Kodiak Municipal Airport,Kodiak,US-AK,57.806151,-152.373693,139.0
KEB,Nanwalek Airport,Nanwalek,US-AK,59.3521,-151.925003,27.0
KEH,Kenmore Air Harbor LLC Seaplane Base,Kenmore,US-WA,47.754799,-122.259003,14.0
KEK,Ekwok Airport,Ekwok,US-AK,59.3568,-157.470993,135.0
KFP,False Pass Airport,False Pass,US-AK,54.84751,-163.407168,20.0
KGK,Koliganek Airport,Koliganek,US-AK,59.726600647,-157.259002686,269.0
KGX,Grayling Airport,Grayling,US-AK,62.895187,-160.066289,99.0
KGZ,Glacier Creek Airport,Glacier Creek,US-AK,61.4551010132,-142.380996704,2380.0
KIB,Ivanof Bay Seaplane Base,Ivanof Bay,US-AK,55.8974990845,-159.488998413,0.0
KIC,Mesa Del Rey Airport,King City,US-CA,36.2280006409,-121.122001648,370.0
KIP,Kickapoo Downtown Airport,Wichita Falls,US-TX,33.85779953,-98.49040222,1003.0
KKA,Koyuk Alfred Adams Airport,Koyuk,US-AK,64.939499,-161.154007,154.0
KKB,Kitoi Bay Seaplane Base,Kitoi Bay,US-AK,58.190899,-152.369995,
KKH,Kongiganak Airport,Kongiganak,US-AK,59.9608,-162.880997,30.0
KKI,Akiachak Airport,Akiachak,US-AK,60.913809,-161.493329,23.0
KKK,Kalakaket Creek AS Airport,Kalakaket Creek,US-AK,64.4166256967,-156.820392609,1598.0
KKL,Karluk Lake Seaplane Base,Karluk Lake,US-AK,57.3670005798,-154.027999878,368.0
KKT,Kentland Municipal Airport,Kentland,US-IN,40.758733,-87.429457,698.0
KKU,Ekuk Airport,Ekuk,US-AK,58.8111991882,-158.559005737,30.0
KLG,Kalskag Airport,Kalskag,US-AK,61.53630065917969,-160.34100341796875,55.0
KLL,Levelock Airport,Levelock,US-AK,59.12606,-156.860906,39.0
KLN,Larsen Bay Airport,Larsen Bay,US-AK,57.53516,-153.976455,87.0
KLS,Southwest Washington Regional Airport,Kelso,US-WA,46.11800003049999,-122.898002625,20.0
KLW,Klawock Airport,Klawock,US-AK,55.579201,-133.076004,80.0
KMO,Manokotak Airport,Manokotak,US-AK,58.932056,-158.901886,107.0
KMY,Moser Bay Seaplane Base,Moser Bay,US-AK,57.0256,-154.145996,
KNB,Kanab Municipal Airport,Kanab,US-UT,37.011101,-112.530998,4868.0
KNK,Kokhanok Airport,Kokhanok,US-AK,59.433248,-154.80217,115.0
KNT,Kennett Memorial Airport,Kennett,US-MO,36.2258987427,-90.0365982056,262.0
KNW,New Stuyahok Airport,New Stuyahok,US-AK,59.451838,-157.373829,364.0
KOA,Ellison Onizuka Kona International Airport at Keāhole,Kailua-Kona,US-HI,19.738783,-156.045603,47.0
KOT,Kotlik Airport,Kotlik,US-AK,63.030602,-163.533005,15.0
KOY,Olga Bay Seaplane Base,Olga Bay,US-AK,57.161499,-154.229996,
KOZ,Ouzinkie Airport,Ouzinkie,US-AK,57.942094,-152.464314,55.0
KPB,Point Baker Seaplane Base,Point Baker,US-AK,56.351898,-133.623001,
KPC,Port Clarence Coast Guard Station,Port Clarence,US-AK,65.2537002563,-166.85899353,10.0
KPN,Kipnuk Airport,Kipnuk,US-AK,59.931796,-164.028196,11.0
KPR,Port Williams Seaplane Base,Port Williams,US-AK,58.490101,-152.582001,
KPT,Jackpot Airport/Hayden Field,Jackpot,US-NV,41.97600173949999,-114.657997131,5213.0
KPV,Perryville Airport,Perryville,US-AK,55.9065,-159.16091,29.0
KPY,Port Bailey Seaplane Base,Port Bailey,US-AK,57.931257,-153.040838,
KQA,Akutan Airport,Akutan,US-AK,54.14459,-165.604332,133.0
KSM,St Mary's Airport,St Mary's,US-AK,62.060501,-163.302002,312.0
KTB,Thorne Bay Seaplane Base,Thorne Bay,US-AK,55.682762,-132.532883,
KTH,Tikchik Lodge Seaplane Base,Tikchik,US-AK,59.9631996155,-158.477005005,304.0
KTN,Ketchikan International Airport,Ketchikan,US-AK,55.35559845,-131.7140045,89.0
KTS,Brevig Mission Airport,Brevig Mission,US-AK,65.331826,-166.467848,38.0
KUK,Kasigluk Airport,Kasigluk,US-AK,60.872747,-162.5247,48.0
KVC,King Cove Airport,King Cove,US-AK,55.116299,-162.266006,155.0
KVL,Kivalina Airport,Kivalina,US-AK,67.734565,-164.559917,13.0
KWF,Waterfall Seaplane Base,Waterfall,US-AK,55.296299,-133.242996,
KWK,Kwigillingok Airport,Kwigillingok,US-AK,59.876499,-163.169005,18.0
KWN,Quinhagak Airport,Quinhagak,US-AK,59.7551,-161.845,42.0
KWP,West Point Village Seaplane Base,West Point,US-AK,57.7700996399,-153.548995972,
KWT,Kwethluk Airport,Kwethluk,US-AK,60.790298,-161.444,25.0
KXA,Kasaan Seaplane Base,Kasaan,US-AK,55.537399,-132.397995,
KYK,Karluk Airport,Karluk,US-AK,57.565919,-154.453762,137.0
KYO,Tampa North Aero Park Airport,Tampa,US-FL,28.2213001251,-82.37449646,68.0
KYU,Koyukuk Airport,Koyukuk,US-AK,64.876099,-157.727005,149.0
KZB,Zachar Bay Seaplane Base,Zachar Bay,US-AK,57.553001,-153.746052,
LAA,Southeast Colorado Regional Airport,Lamar,US-CO,38.066407,-102.691373,3706.0
LAF,Purdue University Airport,West Lafayette,US-IN,40.412875,-86.939363,606.0
LAL,Lakeland Linder International Airport,Lakeland,US-FL,27.989267,-82.020715,142.0
LAM,Los Alamos Airport,Los Alamos,US-NM,35.8797988892,-106.268997192,7171.0
LAN,Capital Region International Airport,Lansing,US-MI,42.777582,-84.585721,861.0
LAR,Laramie Regional Airport,Laramie,US-WY,41.31209945678711,-105.6750030517578,7284.0
LAS,Harry Reid International Airport,Las Vegas,US-NV,36.083361,-115.151817,2181.0
LAW,Lawton Fort Sill Regional Airport,Lawton,US-OK,34.567699,-98.416603,1110.0
LAX,Los Angeles International Airport,Los Angeles,US-CA,33.942501,-118.407997,125.0
LBB,Lubbock Preston Smith International Airport,Lubbock,US-TX,33.663601,-101.822998,3282.0
LBE,Arnold Palmer Regional Airport,Latrobe,US-PA,40.275902,-79.4048,1199.0
LBF,North Platte Regional Airport Lee Bird Field,North Platte,US-NE,41.12620163,-100.6839981,2777.0
LBL,Liberal Mid-America Regional Airport,Liberal,US-KS,37.0442009,-100.9599991,2885.0
LBT,Lumberton Regional Airport,Lumberton,US-NC,34.610773,-79.05943,126.0
LCH,Lake Charles Regional Airport,Lake Charles,US-LA,30.126100540161133,-93.22329711914062,15.0
LCI,Laconia Municipal Airport,Laconia / Gilford,US-NH,43.572701,-71.4189,545.0
LCK,Rickenbacker International Airport,Columbus,US-OH,39.813801,-82.927803,744.0
LCQ,Lake City Gateway Airport,Lake City,US-FL,30.181999,-82.576897,201.0
LDJ,Linden Airport,Linden,US-NJ,40.617401123,-74.2445983887,23.0
LDM,Mason County Airport,Ludington,US-MI,43.96250153,-86.40789795,646.0
LEB,Lebanon Municipal Airport,Lebanon,US-NH,43.626098632799994,-72.30419921880001,603.0
LEE,Leesburg International Airport,Leesburg,US-FL,28.82309914,-81.80870056,76.0
LEM,Lemmon Municipal Airport,Lemmon,US-SD,45.9187011719,-102.106002808,2571.0
LEW,Auburn Lewiston Municipal Airport,Auburn/Lewiston,US-ME,44.048500061,-70.2835006714,288.0
LEX,Blue Grass Airport,Lexington,US-KY,38.035066,-84.606738,979.0
LFI,Langley Air Force Base,Hampton,US-VA,37.082901,-76.360497,11.0
LFK,Angelina County Airport,Lufkin,US-TX,31.2339992523,-94.75,296.0
LFN,Triangle North Executive Airport,Louisburg,US-NC,36.0233,-78.330299,369.0
LFT,Lafayette Regional Airport,Lafayette,US-LA,30.205299,-91.987602,42.0
LGA,LaGuardia Airport,New York,US-NY,40.777199,-73.872597,21.0
LGB,Long Beach International Airport,Long Beach,US-CA,33.816523,-118.149891,60.0
LGC,LaGrange Callaway Airport,LaGrange,US-GA,33.008873,-85.074331,693.0
LGD,La Grande/Union County Airport,La Grande,US-OR,45.2901992798,-118.007003784,2717.0
LGF,Laguna Army Airfield,Yuma Proving Ground(Yuma),US-AZ,32.860794,-114.39615,433.0
LGU,Logan-Cache Airport,Logan,US-UT,41.7911987305,-111.851997375,4457.0
LHV,William T. Piper Memorial Airport,Lock Haven,US-PA,41.13560104,-77.42230225,556.0
LIC,Limon Municipal Airport,Limon,US-CO,39.2747993469,-103.666000366,5374.0
LIH,Lihue Airport,"Lihue, Kauai",US-HI,21.974393,-159.337146,153.0
LIT,Bill & Hillary Clinton National Airport/Adams Field,Little Rock,US-AR,34.729222,-92.223591,262.0
LIV,Livengood Camp Airport,Livengood,US-AK,65.467,-148.6534,425.0
LIY,MidCoast Regional Airport at Wright Army Airfield,Hinesville,US-GA,31.891237,-81.561003,45.0
LIZ,Loring International Airport,Limestone,US-ME,46.950401,-67.885902,746.0
LJN,Texas Gulf Coast Regional Airport,Angleton,US-TX,29.108601,-95.462097,25.0
LKE,Kenmore Air Harbor Seaplane Base,Seattle,US-WA,47.629002,-122.338997,14.0
LKK,Kulik Lake Airport,Kulik Lake,US-AK,58.9821014404,-155.121002197,717.0
LKP,Lake Placid Airport,Lake Placid,US-NY,44.2644996643,-73.96189880370001,1747.0
LKV,Lake County Airport,Lakeview,US-OR,42.1610984802,-120.399002075,4733.0
LLX,Caledonia County Airport,Lyndonville,US-VT,44.5690994263,-72.0179977417,1188.0
LLY,South Jersey Regional Airport,Lumberton,US-NJ,39.942902,-74.845703,53.0
LMA,Minchumina Airport,Minchumina,US-AK,63.886002,-152.302002,678.0
LMS,Louisville Winston County Airport,Louisville,US-MS,33.1461982727,-89.0625,575.0
LMT,Crater Lake-Klamath Regional Airport,Klamath Falls,US-OR,42.156101,-121.733002,4095.0
LNA,Palm Beach County Park Airport,West Palm Beach,US-FL,26.59300041,-80.08509827,14.0
LND,Hunt Field,Lander,US-WY,42.815201,-108.730003,5586.0
LNI,Point Lonely Short Range Radar Site Airfield,Point Lonely,US-AK,70.911118,-153.237766,17.0
LNK,Lincoln Airport,Lincoln,US-NE,40.844882,-96.76178,1219.0
LNN,Lake County Executive Airport,Willoughby,US-OH,41.683998,-81.389702,626.0
LNP,Lonesome Pine Airport,Wise,US-VA,36.9874992371,-82.5299987793,2684.0
LNR,Tri-County Regional Airport,Spring Green,US-WI,43.2099,-90.181332,717.0
LNS,Lancaster Airport,Lancaster,US-PA,40.121700286865234,-76.29609680175781,403.0
LNY,Lanai Airport,Lanai City,US-HI,20.785675,-156.951324,1308.0
LOL,Derby Field,Lovelock,US-NV,40.0663986206,-118.565002441,3904.0
LOR,Lowe AHP (Fort Rucker) Heliport,Fort Rucker Ozark,US-AL,31.35580063,-85.75119781,294.0
LOT,Lewis University Airport,Chicago/Romeoville,US-IL,41.6073,-88.096199,679.0
LOU,Bowman Field,Louisville,US-KY,38.2280006409,-85.6636962891,546.0
LOW,Louisa County Airport / Freeman Field,Louisa,US-VA,38.0098,-77.9701,493.0
LOZ,London-Corbin Airport/Magee Field,London,US-KY,37.0821990967,-84.08489990230001,1212.0
LPC,Lompoc Airport,Lompoc,US-CA,34.665599823,-120.468002319,88.0
LPO,La Porte Municipal Airport,La Porte,US-IN,41.5724983215,-86.73449707030001,812.0
LPS,Lopez Island Airport,Lopez,US-WA,48.4838981628418,-122.93800354003906,209.0
LQK,Pickens County Airport,Pickens,US-SC,34.8100013733,-82.70290374759999,1013.0
LRD,Laredo International Airport,Laredo,US-TX,27.5438,-99.461601,508.0
LRF,Little Rock Air Force Base,Jacksonville,US-AR,34.916900634799994,-92.14969635010002,311.0
LRJ,Le Mars Municipal Airport,Le Mars,US-IA,42.77799988,-96.1937027,1197.0
LRU,Las Cruces International Airport,Las Cruces,US-NM,32.289398,-106.921997,4456.0
LSB,Lordsburg Municipal Airport,Lordsburg,US-NM,32.3334999084,-108.692001343,4289.0
LSE,La Crosse Regional Airport,La Crosse,US-WI,43.879002,-91.256699,655.0
LSF,Lawson Army Air Field,Fort Benning,US-GA,32.332546,-84.988003,232.0
LSK,Lusk Municipal Airport,Lusk,US-WY,42.7537994385,-104.404998779,4964.0
LSN,Los Banos Municipal Airport,Los Banos,US-CA,37.06290054,-120.8690033,121.0
LSV,Nellis Air Force Base,Las Vegas,US-NV,36.2361984253,-115.033996582,1870.0
LTS,Altus Air Force Base,Altus,US-OK,34.667099,-99.266701,1382.0
LTW,St. Mary's County Regional Airport,California,US-MD,38.315399,-76.550102,142.0
LUF,Luke Air Force Base,Glendale,US-AZ,33.535,-112.383003,1085.0
LUK,Cincinnati Municipal Airport Lunken Field,Cincinnati,US-OH,39.102357,-84.418945,483.0
LUL,Hesler Noble Field,Laurel,US-MS,31.6725997925,-89.172203064,238.0
LUP,Kalaupapa Airport,Kalaupapa,US-HI,21.211,-156.973999,24.0
LUR,Cape Lisburne LRRS Airport,Cape Lisburne,US-AK,68.875099,-166.110001,16.0
LVD,Lime Village Airport,Lime Village,US-AK,61.3591003418,-155.440002441,552.0
LVK,Livermore Municipal Airport,Livermore,US-CA,37.6934013367,-121.819999695,400.0
LVL,Brunswick Municipal Airport,Lawrenceville,US-VA,36.774229,-77.793846,329.0
LVM,Mission Field,Livingston,US-MT,45.6994018555,-110.447998047,4660.0
LVS,Las Vegas Municipal Airport,Las Vegas,US-NM,35.654202,-105.141998,6877.0
LWB,Greenbrier Valley Airport,Lewisburg,US-WV,37.857914,-80.400438,2302.0
LWC,Lawrence Municipal Airport,Lawrence,US-KS,39.01119995,-95.21659851,833.0
LWL,Wells Municipal Airport/Harriet Field,Wells,US-NV,41.117099762,-114.92199707,5772.0
LWM,Lawrence Municipal Airport,Lawrence,US-MA,42.717201232899995,-71.1233978271,148.0
LWS,Lewiston Nez Perce County Airport,Lewiston,US-ID,46.3745002746582,-117.01499938964844,1442.0
LWT,Lewistown Municipal Airport,Lewistown,US-MT,47.048429,-109.466143,4170.0
LWV,Lawrenceville Vincennes International Airport,Lawrenceville,US-IL,38.7643013,-87.6054992676,430.0
LXN,Jim Kelly Field,Lexington,US-NE,40.791,-99.777298,2413.0
LXV,Lake County Airport,Leadville,US-CO,39.220298767100005,-106.317001343,9927.0
LYH,Lynchburg Regional Airport - Preston Glenn Field,Lynchburg,US-VA,37.326698,-79.200401,938.0
LYO,Lyons-Rice County Municipal Airport,Lyons,US-KS,38.339481,-98.228702,1691.0
LYU,Ely Municipal Airport,Ely,US-MN,47.82450104,-91.83070374,1456.0
LZU,Gwinnett County Briscoe Field,Lawrenceville,US-GA,33.97809982,-83.96240234,1061.0
MAC,Macon Downtown Airport,Macon,US-GA,32.82210159,-83.56199646,437.0
MAE,Madera Municipal Airport,Madera,US-CA,36.9886016846,-120.111999512,255.0
MAF,Midland International Air and Space Port,Midland,US-TX,31.942499,-102.202003,2871.0
MAW,Malden Regional Airport,Malden,US-MO,36.6006012,-89.99220276,294.0
MAZ,Eugenio Maria De Hostos Airport,Mayaguez,PR-U-A,18.255699157714844,-67.14849853515625,28.0
MBG,Mobridge Municipal Airport,Mobridge,US-SD,45.54650116,-100.4079971,1716.0
MBL,Manistee County Blacker Airport,Manistee,US-MI,44.272707,-86.246495,621.0
MBS,MBS International Airport,Freeland,US-MI,43.533181,-84.083104,668.0
MBY,Omar N Bradley Airport,Moberly,US-MO,39.464393,-92.428365,867.0
MCB,McComb-Pike County Airport / John E Lewis Field,McComb,US-MS,31.178499,-90.471901,413.0
MCC,McClellan Airfield,Sacramento,US-CA,38.667599,-121.401001,77.0
MCD,Mackinac Island Airport,Mackinac Island,US-MI,45.86489868,-84.63729858,739.0
MCE,Merced Regional Macready Field,Merced,US-CA,37.284698,-120.514,155.0
MCF,MacDill Air Force Base,Tampa,US-FL,27.8493,-82.521202,14.0
MCG,McGrath Airport,McGrath,US-AK,62.95289993,-155.6060028,341.0
MCI,Kansas City International Airport,Kansas City,US-MO,39.301699,-94.713893,1026.0
MCK,McCook Ben Nelson Regional Airport,McCook,US-NE,40.207787,-100.592794,2583.0
MCL,Denali National Park Airport,Denali Park,US-AK,63.732465,-148.911266,1720.0
MCN,Middle Georgia Regional Airport,Macon,US-GA,32.69279861450195,-83.64920043945312,354.0
MCO,Orlando International Airport,Orlando,US-FL,28.429399490356445,-81.30899810791016,96.0
MCW,Mason City Municipal Airport,Mason City,US-IA,43.159801,-93.329716,1213.0
MDA,Martindale Army Heliport,San Antonio,US-TX,29.4312992096,-98.3777999878,674.0
MDD,Midland Airpark,Midland,US-TX,32.0364990234,-102.100997925,2803.0
MDF,Taylor County Airport,Medford,US-WI,45.10100174,-90.30329895,1478.0
MDH,Southern Illinois Airport,Murphysboro,US-IL,37.778099,-89.251999,411.0
MDJ,Madras Municipal Airport,Madras,US-OR,44.67020035,-121.1549988,2437.0
MDN,Madison Municipal Airport,Madison,US-IN,38.75889969,-85.46549988,819.0
MDO,Middleton Island Airport,Middleton Island,US-AK,59.4499015808,-146.307006836,100.0
MDT,Harrisburg International Airport,Harrisburg,US-PA,40.192838,-76.762333,310.0
MDW,Chicago Midway International Airport,Chicago,US-IL,41.785999,-87.752403,620.0
MEI,Key Field / Meridian Regional Airport,Meridian,US-MS,32.3326,-88.7519,297.0
MEJ,Port Meadville Airport,Meadville,US-PA,41.626499,-80.214699,1399.0
MEM,Memphis International Airport,Memphis,US-TN,35.043845,-89.97634,341.0
MEO,Dare County Regional Airport,Manteo,US-NC,35.91879,-75.695662,13.0
MER,Castle Airport,Merced,US-CA,37.38050079,-120.5680008,191.0
MEV,Minden-Tahoe Airport,Minden,US-NV,39.00030136,-119.7509995,4722.0
MFD,Mansfield Lahm Regional Airport,Mansfield,US-OH,40.82139968869999,-82.5166015625,1297.0
MFE,McAllen Miller International Airport,McAllen,US-TX,26.176141,-98.237965,107.0
MFH,Mesquite Airport,Mesquite,US-NV,36.833105,-114.055928,1978.0
MFI,Marshfield Municipal Airport,Marshfield,US-WI,44.6369018555,-90.1893005371,1277.0
MFR,Rogue Valley International-Medford Airport,Medford,US-OR,42.374199,-122.873001,1335.0
MFV,Accomack County Airport,Melfa,US-VA,37.646900177,-75.761100769,47.0
MGC,Michigan City Municipal Airport,Michigan City,US-IN,41.7033,-86.821198,655.0
MGE,Dobbins Air Reserve Base,Marietta,US-GA,33.915401,-84.516296,1068.0
MGI,National Wildlife Refuge Airport,Matagorda Island,US-TX,28.323,-96.464,7.0
MGJ,Orange County Airport,Montgomery,US-NY,41.50999832,-74.26460266,364.0
MGM,Montgomery Regional (Dannelly Field) Airport,Montgomery,US-AL,32.300598,-86.393997,221.0
MGR,Moultrie Municipal Airport,Moultrie,US-GA,31.0848999023,-83.8032989502,294.0
MGW,Morgantown Municipal Airport Walter L. (Bill) Hart Field,Morgantown,US-WV,39.643305,-79.917598,1248.0
MGY,Dayton-Wright Brothers Airport,Dayton,US-OH,39.5890007019,-84.224899292,957.0
MHE,Mitchell Municipal Airport,Mitchell,US-SD,43.7747993469,-98.0385971069,1304.0
MHK,Manhattan Regional Airport,Manhattan,US-KS,39.14099884033203,-96.6707992553711,1057.0
MHL,Marshall Memorial Municipal Airport,Marshall,US-MO,39.0957984924,-93.2029037476,779.0
MHN,Hooker County Airport,Mullen,US-NE,42.042155,-101.059113,3260.0
MHR,Sacramento Mather Airport,Sacramento,US-CA,38.554744,-121.297989,98.0
MHS,Dunsmuir Muni-Mott Airport,Dunsmuir,US-CA,41.263199,-122.272003,3258.0
MHT,Manchester-Boston Regional Airport,Manchester,US-NH,42.932598,-71.435699,266.0
MHV,Mojave Air &  Space Port,Mojave,US-CA,35.056391,-118.145342,2801.0
MIA,Miami International Airport,Miami,US-FL,25.796011,-80.289751,8.0
MIB,Minot Air Force Base,Minot,US-ND,48.4156,-101.358002,1667.0
MIC,Crystal Airport,Minneapolis,US-MN,45.062,-93.353897,869.0
MIE,Delaware County Johnson Field,Muncie,US-IN,40.242298,-85.395897,937.0
MIF,Roy Hurd Memorial Airport,Monahans,US-TX,31.582500457764,-102.90899658203,2615.0
MIO,Miami Municipal Airport,Miami,US-OK,36.909199,-94.887497,808.0
MIQ,Millard Airport,Omaha,US-NE,41.195877,-96.112107,1051.0
MIT,Shafter Airport - Minter Field,Shafter,US-CA,35.507401,-119.192002,424.0
MIV,Millville Municipal Airport,Millville,US-NJ,39.367802,-75.072197,85.0
MIW,Marshalltown Municipal Airport,Marshalltown,US-IA,42.112701,-92.917801,974.0
MJQ,Jackson Municipal Airport,Jackson,US-MN,43.650002,-94.986504,1446.0
MJX,Ocean County Airport,Toms River,US-NJ,39.92750168,-74.29239655,82.0
MKC,Charles B. Wheeler Downtown Airport,Kansas City,US-MO,39.123199,-94.592796,759.0
MKE,General Mitchell International Airport,Milwaukee,US-WI,42.947201,-87.896599,723.0
MKG,Muskegon County Airport,Muskegon,US-MI,43.169498,-86.238197,629.0
MKK,Molokai Airport,Kaunakakai,US-HI,21.152901,-157.095993,454.0
MKL,McKellar-Sipes Regional Airport,Jackson,US-TN,35.599899,-88.915604,434.0
MKO,Muskogee-Davis Regional Airport,Muskogee,US-OK,35.656502,-95.366699,611.0
MKT,Mankato Regional Airport,Mankato,US-MN,44.224781,-93.919128,1021.0
MLB,Melbourne Orlando International Airport,Melbourne,US-FL,28.102009,-80.641088,33.0
MLC,Mc Alester Regional Airport,Mc Alester,US-OK,34.882401,-95.783501,770.0
MLD,Malad City Airport,Malad City,US-ID,42.166599,-112.296997,4503.0
MLF,Milford Municipal-Ben and Judy Briscoe Field,Milford,US-UT,38.426601,-113.012001,5039.0
MLI,Quad City International Airport,Moline,US-IL,41.448502,-90.5075,590.0
MLJ,Baldwin County Regional Airport,Milledgeville,US-GA,33.154202,-83.240701,385.0
MLK,Malta Airport,Malta,US-MT,48.366901,-107.918999,2254.0
MLL,Marshall Don Hunter Sr Airport,Marshall,US-AK,61.8643,-162.026001,103.0
MLS,Miles City Airport - Frank Wiley Field,Miles City,US-MT,46.427268,-105.885372,2630.0
MLT,Millinocket Municipal Airport,Millinocket,US-ME,45.6478,-68.6856,408.0
MLU,Monroe Regional Airport,Monroe,US-LA,32.510899,-92.037697,79.0
MLY,Manley Hot Springs Airport,Manley Hot Springs,US-AK,64.99188,-150.644102,270.0
MMH,Mammoth Yosemite Airport,Mammoth Lakes,US-CA,37.625381,-118.84306,7135.0
MMI,McMinn County Airport,Athens,US-TN,35.39730072,-84.56259918,875.0
MML,Southwest Minnesota Regional Airport - Marshall/Ryan Field,Marshall,US-MN,44.45050049,-95.82189941,1183.0
MMN,Minute Man Air Field,Stow,US-MA,42.460298,-71.519031,268.0
MMS,Selfs Airport,Marks,US-MS,34.231499,-90.289597,162.0
MMT,Mc Entire Joint National Guard Base,Eastover,US-SC,33.92079926,-80.80130005,254.0
MMU,Morristown Municipal Airport,Morristown,US-NJ,40.799062,-74.414949,187.0
MNM,Menominee–Marinette Twin County Airport,Menominee,US-MI,45.126701,-87.638397,625.0
MNN,Marion Municipal Airport,Marion,US-OH,40.6161994934,-83.06349945070001,993.0
MNT,Minto Al Wright Airport,Minto,US-AK,65.147991,-149.368658,460.0
MNZ,Washington Manassas Harry P. Davis Field,Manassas,US-VA,38.723021,-77.515422,192.0
MOB,Mobile Regional Airport,Mobile,US-AL,30.6912,-88.242798,219.0
MOD,Modesto City Co-Harry Sham Field,Modesto,US-CA,37.625801,-120.954002,97.0
MOP,Mount Pleasant Municipal Airport,Mount Pleasant,US-MI,43.6217,-84.737503,755.0
MOR,Morristown Regional Airport,Morristown,US-TN,36.179401,-83.375504,1313.0
MOS,Moses Point Airport,Elim,US-AK,64.694116,-162.060699,14.0
MOT,Minot International Airport,Minot,US-ND,48.25801,-101.279123,1716.0
MOU,Mountain Village Airport,Mountain Village,US-AK,62.095401763916016,-163.6820068359375,337.0
MOX,Morris Municipal Airport Charlie Schmidt Field,Morris,US-MN,45.566002,-95.967201,1138.0
MPB,Miami Seaplane Base,Miami,US-FL,25.783075,-80.177545,0.0
MPJ,Petit Jean Park Airport,Morrilton,US-AR,35.138901,-92.909202,923.0
MPO,Pocono Mountains Municipal Airport,Mount Pocono,US-PA,41.136025,-75.379572,1915.0
MPR,Mc Pherson Airport,Mc Pherson,US-KS,38.352402,-97.691299,1498.0
MPS,Mount Pleasant Regional Airport,Mount Pleasant,US-TX,33.095501,-94.961502,364.0
MPV,Edward F Knapp State Airport,Barre/Montpelier,US-VT,44.20349884,-72.56230164,1166.0
MPZ,Mount Pleasant Municipal Airport,Mount Pleasant,US-IA,40.94660187,-91.51110077,730.0
MQB,Macomb Municipal Airport,Macomb,US-IL,40.5200996399,-90.6523971558,707.0
MQT,Marquette/Sawyer International Airport,Gwinn,US-MI,46.351498,-87.395884,1221.0
MQW,Telfair Wheeler Airport,Mc Rae,US-GA,32.095798,-82.879997,202.0
MQY,Smyrna Airport,Smyrna,US-TN,36.0089988708,-86.5201034546,543.0
MRB,Eastern WV Regional Airport/Shepherd Field,Martinsburg,US-WV,39.40190125,-77.98459625,565.0
MRC,Maury County Airport,Columbia/Mount Pleasant,US-TN,35.5541000366,-87.17890167239999,681.0
MRF,Marfa Municipal Airport,Marfa,US-TX,30.369593,-104.015893,4849.0
MRI,Merrill Field,Anchorage,US-AK,61.212792,-149.843988,137.0
MRK,Marco Island Executive Airport,Marco Island,US-FL,25.995001,-81.672501,5.0
MRN,Foothills Regional Airport,Morganton,US-NC,35.820202,-81.611397,1270.0
MRY,Monterey Regional Airport,Monterey,US-CA,36.586777,-121.844183,257.0
MSC,Falcon Field,Mesa,US-AZ,33.4608,-111.727997,1394.0
MSL,Northwest Alabama Regional Airport,Muscle Shoals,US-AL,34.745123,-87.612981,551.0
MSN,Dane County Regional Truax Field,Madison,US-WI,43.1399,-89.337502,887.0
MSO,Missoula Montana Airport,Missoula,US-MT,46.915816,-114.091107,3206.0
MSP,Minneapolis–Saint Paul International Airport / Wold–Chamberlain Field,Minneapolis,US-MN,44.880081,-93.221741,841.0
MSS,Massena International Airport Richards Field,Massena,US-NY,44.936157,-74.844304,215.0
MSV,Sullivan County International Airport,Monticello,US-NY,41.701596,-74.794997,1403.0
MSY,Louis Armstrong New Orleans International Airport,New Orleans,US-LA,29.993401,-90.264673,4.0
MTC,Selfridge Air National Guard Base Airport,Mount Clemens,US-MI,42.613463,-82.836919,580.0
MTH,Florida Keys Marathon International Airport,Marathon,US-FL,24.726006,-81.05138,5.0
MTJ,Montrose Regional Airport,Montrose,US-CO,38.5098,-107.893997,5759.0
MTM,Metlakatla Seaplane Base,Metlakatla,US-AK,55.131001,-131.578003,
MTN,Martin State Airport,Baltimore,US-MD,39.325699,-76.413803,21.0
MTO,Coles County Memorial Airport,Mattoon,US-IL,39.477901,-88.279198,722.0
MTP,Montauk Airport,Montauk,US-NY,41.0765,-71.920797,6.0
MTW,Manitowoc County Airport,Manitowoc,US-WI,44.127116,-87.681983,651.0
MTX,Metro Field,Fairbanks,US-AK,64.80680084229999,-147.761993408,432.0
MUE,Waimea Kohala Airport,Waimea (Kamuela),US-HI,20.001301,-155.667999,2671.0
MUI,Muir Army Air Field (Fort Indiantown Gap) Airport,Fort Indiantown Gap(Annville),US-PA,40.435214,-76.568661,488.0
MUL,Spence Airport,Moultrie,US-GA,31.141569,-83.703718,292.0
MUO,Mountain Home Air Force Base,Mountain Home,US-ID,43.043598,-115.872002,2996.0
MUT,Muscatine Municipal Airport,Muscatine,US-IA,41.367803,-91.148201,547.0
MVC,Monroe County Aeroplex Airport,Monroeville,US-AL,31.458,-87.350996,419.0
MVE,Montevideo Chippewa County Airport,Montevideo,US-MN,44.969101,-95.710297,1034.0
MVL,Morrisville-Stowe State Airport,Morrisville,US-VT,44.534599,-72.613998,732.0
MVM,Kayenta Airport,Kayenta,US-AZ,36.716444,-110.228444,5688.0
MVN,Mount Vernon Outland Airport,Mount Vernon,US-IL,38.322774,-88.859257,480.0
MVW,Skagit Regional Airport,Burlington,US-WA,48.470901,-122.420998,144.0
MVY,Martha's Vineyard Airport,Martha's Vineyard,US-MA,41.3931007385,-70.6143035889,67.0
MWA,Veterans Airport of Southern Illinois,Marion,US-IL,37.751208,-89.016568,472.0
MWC,Lawrence J Timmerman Airport,Milwaukee,US-WI,43.110401,-88.034401,745.0
MWH,Grant County International Airport,Moses Lake,US-WA,47.20769882,-119.3199997,1189.0
MWL,Mineral Wells Regional Airport,Mineral Wells,US-TX,32.781601,-98.060204,974.0
MWM,Windom Municipal Airport,Windom,US-MN,43.913399,-95.109398,1410.0
MWO,Middletown Regional Airport,Middletown,US-OH,39.530998,-84.395302,650.0
MXA,Manila Municipal Airport,Manila,US-AR,35.894402,-90.154602,242.0
MXC,Monticello Airport,Monticello,US-UT,37.93243,-109.341225,6966.0
MXE,Laurinburg Maxton Airport,Maxton,US-NC,34.791901,-79.365799,216.0
MXF,Maxwell Air Force Base,Montgomery,US-AL,32.3829,-86.365799,171.0
MXO,Monticello Regional Airport,Monticello,US-IA,42.220402,-91.1633,832.0
MXY,Mc Carthy Airport,Mccarthy,US-AK,61.4370994568,-142.904006958,1531.0
MYF,Montgomery-Gibbs Executive Airport,San Diego,US-CA,32.8157,-117.139999,427.0
MYH,Marble Canyon Airport,Marble Canyon,US-AZ,36.8125,-111.647003,3603.0
MYK,May Creek Airport,May Creek,US-AK,61.335701,-142.686996,1650.0
MYL,McCall Municipal Airport,McCall,US-ID,44.888837,-116.101112,5024.0
MYR,Myrtle Beach International Airport,Myrtle Beach,US-SC,33.679699,-78.928299,25.0
MYU,Mekoryuk Airport,Mekoryuk,US-AK,60.372338,-166.269751,48.0
MYV,Yuba County Airport,Marysville,US-CA,39.09780121,-121.5699997,64.0
MZJ,Pinal Airpark,Marana,US-AZ,32.5106010437,-111.32800293,1893.0
MZZ,Marion Municipal Airport,Marion,US-IN,40.4898986816,-85.6797027588,859.0
NBG,New Orleans NAS JRB/Alvin Callender Field,New Orleans,US-LA,29.82530022,-90.03500366,2.0
NCN,Chenega Bay Airport,Chenega,US-AK,60.077602,-147.99468,72.0
NCO,Quonset State Airport,North Kingstown,US-RI,41.597099304199,-71.412101745605,18.0
NEL,Lakehurst Maxfield Field Airport,Lakehurst,US-NJ,40.03329849,-74.353302,101.0
NEN,Whitehouse Naval Outlying Field,Jacksonville,US-FL,30.353900909424,-81.87190246582,99.0
NEW,Lakefront Airport,New Orleans,US-LA,30.042400360107,-90.028297424316,8.0
NFL,Fallon Naval Air Station,Fallon,US-NV,39.41659927,-118.7009964,3934.0
NGF,Kaneohe Bay MCAS (Marion E. Carl Field) Airport,Kaneohe,US-HI,21.4505,-157.768005,24.0
NGP,Naval Air Station Corpus Christi Truax Field,Corpus Christi,US-TX,27.6926,-97.2911,18.0
NGU,Norfolk Naval Station (Chambers Field),Norfolk,US-VA,36.937599,-76.289299,17.0
NGW,Cabaniss Field Naval Outlying Landing Field,Corpus Christi,US-TX,27.704426,-97.440578,30.0
NHK,Patuxent River Naval Air Station (Trapnell Field),Patuxent River,US-MD,38.285999,-76.411797,39.0
NHX,Naval Outlying Field Barin,Foley,US-AL,30.389099121100003,-87.63529968259999,54.0
NHZ,Brunswick Executive Airport,Brunswick,US-ME,43.89220047,-69.93859863,72.0
NIB,Nikolai Airport,Nikolai,US-AK,63.017949,-154.360399,441.0
NIN,Ninilchik Airport,Ninilchik,US-AK,60.020199,-151.589005,276.0
NIP,Jacksonville Naval Air Station (Towers Field),Jacksonville,US-FL,30.2358,-81.680603,21.0
NIR,Chase Field Industrial Airport,Beeville,US-TX,28.362444,-97.661917,190.0
NJK,El Centro NAF Airport (Vraciu Field),El Centro,US-CA,32.829201,-115.671996,-42.0
NKI,Naukati Bay Seaplane Base,Tuxekan Island,US-AK,55.849602,-133.227994,
NKX,Miramar Marine Corps Air Station - Mitscher Field,San Diego,US-CA,32.86840057,-117.1429977,477.0
NLC,Lemoore Naval Air Station (Reeves Field) Airport,Lemoore,US-CA,36.33300018,-119.9520035,232.0
NLE,Jerry Tyler Memorial Airport,Niles,US-MI,41.835899353027,-86.225196838379,750.0
NLG,Nelson Lagoon Airport,Nelson Lagoon,US-AK,56.0075,-161.160004,14.0
NLN,Kneeland Airport,Kneeland,US-CA,40.718639,-123.927298,2737.0
NME,Nightmute Airport,Nightmute,US-AK,60.469129,-164.70407,4.0
NNK,Naknek Airport,Naknek,US-AK,58.735633,-157.02216,70.0
NNL,Nondalton Airport,Nondalton,US-AK,59.980202,-154.839005,314.0
NOT,Marin County Airport - Gnoss Field,Novato,US-CA,38.143600463867,-122.55599975586,2.0
NPA,Naval Air Station Pensacola Forrest Sherman Field,Pensacola,US-FL,30.352699,-87.318604,28.0
NPH,J. Randy McKnight Nephi Municipal Airport,Nephi,US-UT,39.73681,-111.870063,5022.0
NPT,Newport State Airport,Newport,US-RI,41.532207,-71.281039,172.0
NQA,Millington-Memphis Airport,Millington,US-TN,35.356701,-89.8703,320.0
NQI,Kingsville Naval Air Station,Kingsville,US-TX,27.5072002411,-97.8097000122,50.0
NQX,Naval Air Station Key West/Boca Chica Field,Key West,US-FL,24.57579994,-81.68890381,6.0
NRB,Naval Station Mayport / Admiral David L McDonald Field,Jacksonville,US-FL,30.3911,-81.424698,15.0
NRI,Grand Lake Regional Airport,Afton,US-OK,36.577598571777,-94.86190032959,792.0
NRR,José Aponte de la Torre Airport,Ceiba,PR-U-A,18.247262,-65.63979,38.0
NRS,Naval Outlying Field Imperial Beach (Ream Field),Imperial Beach,US-CA,32.5667,-117.116997,24.0
NSE,Whiting Field Naval Air Station - North,Milton,US-FL,30.7241993,-87.02189636,199.0
NSL,Slayton Municipal Airport,Slayton,US-MN,43.986801,-95.7826,1623.0
NTD,Point Mugu Naval Air Station (Naval Base Ventura Co),Point Mugu,US-CA,34.120300293,-119.121002197,13.0
NTJ,Manti-Ephraim Airport,Manti,US-UT,39.32910156,-111.6149979,5500.0
NTU,Oceana Naval Air Station,Virginia Beach,US-VA,36.820702,-76.033501,23.0
NUI,Nuiqsut Airport,Nuiqsut,US-AK,70.209999,-151.005998,38.0
NUL,Nulato Airport,Nulato,US-AK,64.729301,-158.074005,399.0
NUP,Nunapitchuk Airport,Nunapitchuk,US-AK,60.905591,-162.440454,12.0
NUQ,Moffett Federal Airfield,Mountain View,US-CA,37.4161,-122.049004,32.0
NUW,Whidbey Island Naval Air Station (Ault Field),Oak Harbor,US-WA,48.351799,-122.655998,47.0
NVD,Nevada Municipal Airport,Nevada,US-MO,37.8521,-94.304901,892.0
NVN,Nervino Airport,Beckwourth,US-CA,39.818501,-120.352997,4900.0
NWH,Parlin Field,Newport,US-NH,43.3881,-72.189301,784.0
NYG,Quantico Marine Corps Airfield / Turner Field,Quantico,US-VA,38.501701,-77.305298,10.0
NYS,New York Skyports Inc Seaplane Base,New York,US-NY,40.735061,-73.972814,
NZY,North Island Naval Air Station-Halsey Field,San Diego,US-CA,32.69919968,-117.2149963,26.0
OAJ,Albert J Ellis Airport,Richlands,US-NC,34.829201,-77.612099,94.0
OAK,Oakland San Francisco Bay Airport,Oakland,US-CA,37.720085,-122.221184,9.0
OAR,Marina Municipal Airport,Marina,US-CA,36.68190002,-121.762001,137.0
OBE,Okeechobee County Airport,Okeechobee,US-FL,27.262800216699997,-80.8498001099,34.0
OBU,Kobuk Airport,Kobuk,US-AK,66.9123,-156.897003,137.0
OCA,Ocean Reef Club Airport,Key Largo,US-FL,25.325399,-80.274803,8.0
OCE,Ocean City Municipal Airport,Ocean City,US-MD,38.310398,-75.124001,11.0
OCF,Ocala International Airport - Jim Taylor Field,Ocala,US-FL,29.17259979,-82.22419739,90.0
OCH,A L Mangham Jr. Regional Airport,Nacogdoches,US-TX,31.57799911,-94.70950317,355.0
OCN,Oceanside Municipal Airport,Oceanside,US-CA,33.217947,-117.351683,28.0
OCW,Warren Field,Washington,US-NC,35.570499420166,-77.049797058105,38.0
ODC,Oakdale Airport,Oakdale,US-CA,37.75630188,-120.8000031,237.0
ODM,Garrett County Airport,Accident,US-MD,39.580819,-79.33573,2933.0
ODT,Odessa Schlemeyer Field,Odessa,US-TX,31.920601,-102.387001,3004.0
ODW,AJ Eisenberg Airport,Oak Harbor,US-WA,48.251499176,-122.674003601,193.0
OEA,O'Neal Airport,Lawrenceville,US-IL,38.68521,-87.543138,414.0
OEO,L O Simenstad Municipal Airport,Osceola,US-WI,45.310001,-92.691902,903.0
OFF,Offutt Air Force Base,Omaha,US-NE,41.119307,-95.90851,1052.0
OFK,Karl Stefan Memorial Airport,Norfolk,US-NE,41.985500335693,-97.435096740723,1573.0
OFU,Ofu Airport,Ofu,AS-MA,-14.1844,-169.669998,9.0
OGA,Ogallala Municipal Airport Searle Field,Ogallala,US-NE,41.119499,-101.769997,3279.0
OGB,Orangeburg Municipal Airport,Orangeburg,US-SC,33.456798553467,-80.859497070312,195.0
OGD,Ogden Hinckley Airport,Ogden,US-UT,41.195899963379,-112.0120010376,4473.0
OGG,Kahului International Airport,Kahului,US-HI,20.896263,-156.431837,54.0
OGS,Ogdensburg International Airport,Ogdensburg,US-NY,44.6819,-75.4655,297.0
OIC,Lt Warren Eaton Airport,Norwich,US-NY,42.566600799561,-75.524101257324,1025.0
OJC,Johnson County Executive Airport,Olathe,US-KS,38.84759903,-94.73760223,1096.0
OKC,OKC Will Rogers World Airport,Oklahoma City,US-OK,35.393388,-97.598248,1295.0
OKK,Kokomo Municipal Airport,Kokomo,US-IN,40.528198242188,-86.05899810791,830.0
OKM,Okmulgee Regional Airport,Okmulgee,US-OK,35.668098449707,-95.948699951172,720.0
OKS,Garden County Airport/King Rhiley Field,Oshkosh,US-NE,41.401001,-102.355003,3394.0
OLD,Dewitt Field - Old Town Municipal Airport,Old Town,US-ME,44.952801,-68.674301,126.0
OLE,Cattaraugus County-Olean Airport,Olean,US-NY,42.241199,-78.371399,2135.0
OLF,L M Clayton Airport,Wolf Point,US-MT,48.094501,-105.574997,1986.0
OLH,Old Harbor Airport,Old Harbor,US-AK,57.218102,-153.270004,55.0
OLM,Olympia Regional Airport,Olympia,US-WA,46.969399,-122.903,209.0
OLS,Nogales International Airport,Nogales,US-AZ,31.4177,-110.848,3955.0
OLU,Columbus Municipal Airport,Columbus,US-NE,41.448145,-97.340174,1447.0
OLV,Olive Branch Airport,Olive Branch,US-MS,34.9786987305,-89.78690338130001,402.0
OLY,Olney Noble Airport,Olney-Noble,US-IL,38.721802,-88.176399,482.0
OMA,Eppley Airfield,Omaha,US-NE,41.3032,-95.894096,984.0
OME,Nome Airport,Nome,US-AK,64.51219940185547,-165.44500732421875,37.0
OMK,Omak Airport,Omak,US-WA,48.4644012451,-119.517997742,1305.0
ONA,Winona Municipal Airport Max Conrad Field,Winona,US-MN,44.077202,-91.708298,656.0
ONH,Albert S Nader Regional Airport,Oneonta,US-NY,42.5247,-75.0644,1763.0
ONL,O'Neill Municipal Airport–John L Baker Field,O'Neill,US-NE,42.468916,-98.686989,2031.0
ONM,Socorro Municipal Airport,Socorro,US-NM,34.022499,-106.903,4875.0
ONO,Ontario Municipal Airport,Oregon,US-OR,44.0198,-117.013289,2193.0
ONP,Newport Municipal Airport,Newport,US-OR,44.580399,-124.057999,160.0
ONT,Ontario International Airport,Ontario,US-CA,34.056,-117.600998,944.0
ONY,Olney Municipal Airport,Olney,US-TX,33.350899,-98.819199,1275.0
OOA,Oskaloosa Municipal Airport,Cedar,US-IA,41.2262,-92.493896,841.0
OOK,Toksook Bay Airport,Toksook Bay,US-AK,60.541401,-165.087006,59.0
OPF,Miami-Opa Locka Executive Airport,Miami,US-FL,25.907,-80.278397,8.0
OPL,St Landry Parish Ahart Field,Opelousas,US-LA,30.558399,-92.099403,75.0
ORD,Chicago O'Hare International Airport,Chicago,US-IL,41.9786,-87.9048,680.0
ORF,Norfolk International Airport,Norfolk,US-VA,36.895341,-76.201,26.0
ORH,Worcester Regional Airport,Worcester,US-MA,42.2673,-71.875702,1009.0
ORI,Port Lions Airport,Port Lions,US-AK,57.884905,-152.847719,52.0
ORL,Orlando Executive Airport,Orlando,US-FL,28.5455,-81.332901,113.0
ORT,Northway Airport,Northway,US-AK,62.9613,-141.929001,1715.0
ORV,Robert (Bob) Curtis Memorial Airport,Noorvik,US-AK,66.817902,-161.018997,55.0
OSB,Grand Glaize Osage Beach Airport,Osage Beach,US-MO,38.1105,-92.680496,875.0
OSC,Oscoda Wurtsmith Airport,Oscoda,US-MI,44.451599,-83.394096,633.0
OSH,Wittman Regional Airport,Oshkosh,US-WI,43.98440170288086,-88.55699920654297,808.0
OSU,The Ohio State University Airport - Don Scott Field,Columbus,US-OH,40.0798,-83.072998,905.0
OSX,Kosciusko Attala County Airport,Kosciusko,US-MS,33.090302,-89.542,480.0
OTG,Worthington Municipal Airport,Worthington,US-MN,43.65477,-95.577364,1574.0
OTH,Southwest Oregon Regional Airport,North Bend,US-OR,43.41709899902344,-124.24600219726562,17.0
OTK,Tillamook Airport,Tillamook,US-OR,45.4182014465,-123.814002991,36.0
OTM,Ottumwa Regional Airport,Ottumwa,US-IA,41.106368,-92.449837,845.0
OTN,Ed-Air Airport,Oaktown,US-IN,38.851782,-87.49987,426.0
OTS,Anacortes Airport,Anacortes,US-WA,48.498513,-122.662513,241.0
OTZ,Ralph Wien Memorial Airport,Kotzebue,US-AK,66.88469696,-162.598999,14.0
OUN,University of Oklahoma Westheimer Airport,Norman,US-OK,35.2456,-97.472099,1182.0
OVE,Oroville Municipal Airport,Oroville,US-CA,39.487800598145,-121.62200164795,192.0
OWA,Owatonna Degner Regional Airport,Owatonna,US-MN,44.123402,-93.260597,1145.0
OWB,Owensboro Daviess County Airport,Owensboro,US-KY,37.74010086,-87.16680145,407.0
OWD,Norwood Memorial Airport,Norwood,US-MA,42.1904983521,-71.1728973389,49.0
OWK,Central Maine/Norridgewock Airport,Norridgewock,US-ME,44.7155,-69.866501,270.0
OXC,Waterbury Oxford Airport,Oxford,US-CT,41.47859954834,-73.135200500488,726.0
OXD,Miami University Airport,Oxford,US-OH,39.50230026,-84.78440094,1041.0
OXR,Oxnard Airport,Oxnard,US-CA,34.200801849365,-119.20700073242,45.0
OZA,Ozona Municipal Airport,Ozona,US-TX,30.735300064087,-101.20300292969,2381.0
OZR,Cairns AAF (Fort Rucker) Air Field,Fort Rucker/Ozark,US-AL,31.27569962,-85.71340179,301.0
PAE,Seattle Paine Field International Airport,Everett,US-WA,47.9063,-122.281998,606.0
PAH,Barkley Regional Airport,Paducah,US-KY,37.06079864501953,-88.7738037109375,410.0
PAK,Port Allen Airport,Hanapepe,US-HI,21.8969,-159.602997,24.0
PAM,Tyndall Air Force Base,Panama City,US-FL,30.069599,-85.575401,17.0
PAO,Palo Alto Airport,Palo Alto,US-CA,37.461102,-122.114998,4.0
PAQ,"Warren ""Bud"" Woods Palmer Municipal Airport",Palmer,US-AK,61.594898,-149.08901,242.0
PBF,"Pine Bluff Regional Airport, Grider Field",Pine Bluff,US-AR,34.174121,-91.935643,206.0
PBG,Plattsburgh International Airport,Plattsburgh,US-NY,44.650902,-73.468102,234.0
PBI,President Donald J. Trump International Airport,West Palm Beach,US-FL,26.683201,-80.095596,19.0
PCA,Portage Creek Airport,Portage Creek,US-AK,58.9065,-157.714,137.0
PCD,Prairie Du Chien Municipal Airport,Prairie Du Chien,US-WI,43.019298553467,-91.12370300293,661.0
PCT,Princeton Airport,Princeton/Rocky Hill,US-NJ,40.3992004395,-74.6588973999,128.0
PCU,Poplarville Pearl River County Airport,Poplarville,US-MS,30.785999298096,-89.504501342773,320.0
PDB,Pedro Bay Airport,Pedro Bay,US-AK,59.796925,-154.129994,45.0
PDK,DeKalb Peachtree Airport,Atlanta,US-GA,33.87633,-84.30213,1003.0
PDT,Eastern Oregon Regional Airport at Pendleton,Pendleton,US-OR,45.695099,-118.841003,1497.0
PDX,Portland International Airport,Portland,US-OR,45.588699,-122.598,31.0
PEC,Pelican Seaplane Base,Pelican,US-AK,57.9552,-136.235992,
PEQ,Pecos Municipal Airport,Pecos,US-TX,31.382400512695,-103.51100158691,2613.0
PFC,Pacific City State Airport,Pacific City,US-OR,45.199799,-123.961998,5.0
PGA,Page Municipal Airport,Page,US-AZ,36.924234,-111.447716,4316.0
PGC,Grant County Airport,Petersburg,US-WV,38.9948997498,-79.1458969116,963.0
PGD,Punta Gorda Airport,Punta Gorda,US-FL,26.9202,-81.990501,26.0
PGL,Trent Lott International Airport,Pascagoula,US-MS,30.462799072266,-88.529197692871,17.0
PGM,Port Graham Airport,Port Graham,US-AK,59.348355,-151.830025,93.0
PGO,Stevens Field,Pagosa Springs,US-CO,37.28630066,-107.0559998,7664.0
PGR,Kirk Field,Paragould,US-AR,36.06290054,-90.50779724,290.0
PGS,Grand Canyon Caverns Airport,Peach Springs,US-AZ,35.527168,-113.247636,5386.0
PGV,Pitt-Greenville Airport,Greenville,US-NC,35.635535,-77.384262,26.0
PHD,Harry Clever Field,New Philadelphia,US-OH,40.470901489258,-81.419700622559,894.0
PHF,Newport News Williamsburg International Airport,Newport News,US-VA,37.131901,-76.492996,42.0
PHK,Palm Beach County Glades Airport,Pahokee,US-FL,26.78499985,-80.69339752,16.0
PHL,Philadelphia International Airport,Philadelphia,US-PA,39.871899,-75.241096,36.0
PHN,St Clair County International Airport,Port Huron,US-MI,42.9109993,-82.52890015,650.0
PHO,Point Hope Airport,Point Hope,US-AK,68.348801,-166.798996,12.0
PHP,Philip Airport,Philip,US-SD,44.048527,-101.600933,2207.0
PHT,Henry County Airport,Paris,US-TN,36.338199615499995,-88.38289642330001,580.0
PHX,Phoenix Sky Harbor International Airport,Phoenix,US-AZ,33.435302,-112.005905,1135.0
PIA,General Wayne A. Downing Peoria International Airport,Peoria,US-IL,40.663841,-89.692631,660.0
PIB,Hattiesburg Laurel Regional Airport,Moselle,US-MS,31.4671,-89.337097,298.0
PIE,St. Petersburg Clearwater International Airport,Pinellas Park,US-FL,27.9102,-82.687401,11.0
PIH,Pocatello Regional Airport,Pocatello,US-ID,42.9098014831543,-112.59600067138672,4452.0
PIM,Harris County Airport,Pine Mountain,US-GA,32.8406982422,-84.8824005127,902.0
PIP,Pilot Point Airport,Pilot Point,US-AK,57.580399,-157.572006,57.0
PIR,Pierre Regional Airport,Pierre,US-SD,44.38270187,-100.2860031,1744.0
PIT,Pittsburgh International Airport,Pittsburgh,US-PA,40.491501,-80.232903,1203.0
PIZ,Point Lay LRRS Airport,Point Lay,US-AK,69.732903,-163.005005,22.0
PJB,Payson Airport,Payson,US-AZ,34.256801605225,-111.33899688721,5157.0
PKA,Napaskiak Airport,Napaskiak,US-AK,60.7029,-161.778,24.0
PKB,Mid Ohio Valley Regional Airport,Parkersburg (Williamstown),US-WV,39.3451,-81.439201,858.0
PKD,Park Rapids Municipal Airport Konshok Field,Park Rapids,US-MN,46.9006,-95.073095,1445.0
PKF,Park Falls Municipal Airport,Park Falls,US-WI,45.955001831055,-90.42440032959,1500.0
PLK,M. Graham Clark Downtown Airport,Branson / Hollister,US-MO,36.62590027,-93.22889709,940.0
PLN,Pellston Regional Airport of Emmet County Airport,Pellston,US-MI,45.57089996,-84.79669952,721.0
PLR,St Clair County Airport,Pell City,US-AL,33.558799743652,-86.249099731445,485.0
PLY,Plymouth Municipal Airport,Plymouth,US-IN,41.365101,-86.300499,800.0
PMB,Pembina Municipal Airport,Pembina,US-ND,48.9425010681,-97.2407989502,795.0
PMD,Palmdale Regional Airport / USAF Plant 42 Airport,Palmdale,US-CA,34.629398,-118.084999,2543.0
PMH,Greater Portsmouth Regional Airport,Portsmouth,US-OH,38.8404998779,-82.84729766850002,663.0
PML,Port Moller Airport,Cold Bay,US-AK,56.006001,-160.561005,20.0
PNC,Ponca City Regional Airport,Ponca City,US-OK,36.73199844,-97.09980011,1008.0
PNE,Northeast Philadelphia Airport,Philadelphia,US-PA,40.082406,-75.010614,120.0
PNN,Princeton Municipal Airport,Princeton,US-ME,45.200698852539,-67.564399719238,266.0
PNS,Pensacola International Airport,Pensacola,US-FL,30.472718,-87.186639,121.0
PNU,Panguitch Municipal Airport,Panguitch,US-UT,37.84519958,-112.3919983,6763.0
PNX,North Texas Regional Airport Perrin Field,Denison,US-TX,33.7141,-96.673698,749.0
POB,Pope Field,Fort Bragg,US-NC,35.170898,-79.014503,217.0
POC,Brackett Field,La Verne,US-CA,34.091598510742,-117.78199768066,1011.0
POE,Polk Army Air Field,Fort Polk,US-LA,31.0447998,-93.1917038,330.0
POF,Poplar Bluff Municipal Airport,Poplar Bluff,US-MO,36.773899,-90.324898,331.0
POH,Pocahontas Municipal Airport,Pocahontas,US-IA,42.742802,-94.647301,1226.0
POU,Dutchess County Airport,Poughkeepsie,US-NY,41.6265983581543,-73.88420104980469,165.0
POY,Powell Municipal Airport,Powell,US-WY,44.867198944092,-108.79299926758,5092.0
PPA,Perry Lefors Field,Pampa,US-TX,35.612998962402,-100.99600219727,3245.0
PPC,Prospect Creek Airport,Prospect Creek,US-AK,66.814102172852,-150.64399719238,1095.0
PPF,Tri-City Airport,Parsons,US-KS,37.32989883,-95.5062027,900.0
PPG,Pago Pago International Airport,Pago Pago,AS-WT,-14.331,-170.710007,32.0
PPM,Pompano Beach Airpark,Pompano Beach,US-FL,26.247100830078,-80.111099243164,19.0
PPV,Port Protection Seaplane Base,Port Protection,US-AK,56.3288,-133.610001,
PQI,Presque Isle International Airport,Presque Isle,US-ME,46.688999,-68.0448,534.0
PQS,Pilot Station Airport,Pilot Station,US-AK,61.96169,-162.941944,473.0
PRB,Paso Robles Municipal Airport,Paso Robles,US-CA,35.67290115,-120.6269989,840.0
PRC,Prescott Regional Airport - Ernest A. Love Field,Prescott,US-AZ,34.653502,-112.419883,5045.0
PRO,Perry Municipal Airport,Perry,US-IA,41.82799911,-94.15989685,1013.0
PRW,Prentice Airport,Prentice,US-WI,45.538313,-90.275978,1578.0
PRX,Cox Field,Paris,US-TX,33.636600494385,-95.450798034668,547.0
PRZ,Prineville Airport,Prineville,US-OR,44.286998748779,-120.90399932861,3250.0
PSB,Mid-State Regional Airport,Philipsburg,US-PA,40.884399,-78.087303,1948.0
PSC,Tri Cities Airport,Pasco,US-WA,46.264702,-119.119003,410.0
PSE,Mercedita International Airport,Ponce,PR-U-A,18.008301,-66.563004,29.0
PSF,Pittsfield Municipal Airport,Pittsfield,US-MA,42.4268,-73.2929,1188.0
PSG,Petersburg James A Johnson Airport,Petersburg,US-AK,56.80170059,-132.9450073,111.0
PSK,New River Valley Airport,Dublin,US-VA,37.137298583984,-80.678497314453,2105.0
PSM,Portsmouth International Airport at Pease,Portsmouth,US-NH,43.0779,-70.823303,100.0
PSN,Palestine Municipal Airport,Palestine,US-TX,31.779699325562,-95.706298828125,423.0
PSP,Palm Springs International Airport,Palm Springs,US-CA,33.8297,-116.507004,477.0
PSQ,Philadelphia Seaplane Base,Essington,US-PA,39.859001159668,-75.299598693848,0.0
PSX,Palacios Municipal Airport,Palacios,US-TX,28.727500915527,-96.250999450684,14.0
PTA,Port Alsworth Airport,Port Alsworth,US-AK,60.201681,-154.325863,280.0
PTB,Dinwiddie County Airport,Petersburg,US-VA,37.183799743652,-77.507400512695,193.0
PTC,Port Alice Seaplane Base,Port Alice,US-AK,55.803,-133.597,
PTD,Port Alexander Seaplane Base,Port Alexander,US-AK,56.246799,-134.647995,
PTH,Port Heiden Airport,Port Heiden,US-AK,56.957893,-158.630219,95.0
PTK,Oakland County International Airport,Pontiac,US-MI,42.665500640869,-83.420097351074,980.0
PTN,Harry P Williams Memorial Airport,Patterson,US-LA,29.709499359131,-91.338996887207,9.0
PTS,Atkinson Municipal Airport,Pittsburg,US-KS,37.449501,-94.731102,950.0
PTT,Pratt Regional Airport,Pratt,US-KS,37.70159912,-98.74690247,1953.0
PTU,Platinum Airport,Platinum,US-AK,59.017675,-161.827927,15.0
PTV,Porterville Municipal Airport,Porterville,US-CA,36.029598236084,-119.06300354004,442.0
PTW,Heritage Field,Pottstown,US-PA,40.239601,-75.556702,309.0
PUB,Pueblo Memorial Airport,Pueblo,US-CO,38.289101,-104.497002,4726.0
PUC,Carbon County Regional Airport / Buck Davis Field,Price,US-UT,39.613899,-110.751,5957.0
PUL,Port of Poulsbo Marina Moorage Seaplane Base,Poulsbo,US-WA,47.734001159668,-122.64700317383,0.0
PUW,Pullman-Moscow Regional Airport,Pullman,US-WA,46.741601,-117.11163,2556.0
PVC,Provincetown Municipal Airport,Provincetown,US-MA,42.0718994141,-70.2213973999,9.0
PVD,Rhode Island T. F. Green International Airport,Providence/Warwick,US-RI,41.725038,-71.425668,55.0
PVF,Placerville Airport,Placerville,US-CA,38.724201202393,-120.75299835205,2585.0
PVL,Pike County Airport Hatcher Field,Pikeville,US-KY,37.560795,-82.570051,1473.0
PVU,Provo Municipal Airport,Provo,US-UT,40.218894,-111.722445,4497.0
PVW,Hale County Airport,Plainview,US-TX,34.168098,-101.717003,3374.0
PWA,Wiley Post Airport,Oklahoma City,US-OK,35.53419876,-97.64710236,1300.0
PWD,Sher-Wood Airport,Plentywood,US-MT,48.790298461914,-104.53399658203,2250.0
PWK,Chicago Executive Airport,Chicago/Prospect Heights/Wheeling,US-IL,42.114222,-87.901494,647.0
PWM,Portland International Jetport,Portland,US-ME,43.646198,-70.309303,76.0
PWR,Port Walter Seaplane Base,Port Walter,US-AK,56.381001,-134.651001,
PWT,Bremerton National Airport,Bremerton,US-WA,47.490200042725,-122.76499938965,444.0
PWY,Ralph Wenz Field,Pinedale,US-WY,42.79550171,-109.8069992,7102.0
PXL,Polacca Airport,Polacca,US-AZ,35.7916984558,-110.422996521,5573.0
PYL,Perry Island Seaplane Base,Perry Island,US-AK,60.6852989197,-147.919006348,0.0
PYM,Plymouth Municipal Airport,Plymouth,US-MA,41.909,-70.728798,148.0
PYS,Paradise Skypark Airport,Paradise,US-CA,39.71029,-121.616528,1300.0
RAC,John H Batten Airport,Racine,US-WI,42.7606010437,-87.8152008057,674.0
RAL,Riverside Municipal Airport,Riverside,US-CA,33.9519,-117.445,819.0
RAP,Rapid City Regional Airport,Rapid City,US-SD,44.0452995300293,-103.05699920654295,3204.0
RBD,Dallas Executive Airport,Dallas,US-TX,32.6809005737,-96.8682022095,660.0
RBF,Big Bear City Airport,Big Bear,US-CA,34.263802,-116.856003,6752.0
RBG,Roseburg Regional Airport,Roseburg,US-OR,43.238800048799995,-123.356002808,529.0
RBK,French Valley Airport,Murrieta,US-CA,33.5742,-117.127998,1350.0
RBL,Red Bluff Municipal Airport,Red Bluff,US-CA,40.1506996155,-122.251998901,352.0
RBW,Lowcountry Regional Airport,Walterboro,US-SC,32.921001434299995,-80.6406021118,101.0
RBY,Ruby Airport,Ruby,US-AK,64.727203,-155.470001,658.0
RCA,Ellsworth Air Force Base,Rapid City,US-SD,44.14500046,-103.1039963,3276.0
RCE,Roche Harbor Airport,Roche Harbor,US-WA,48.612301,-123.139,100.0
RCK,H H Coffield Regional Airport,Rockdale,US-TX,30.6315994263,-96.9897003174,474.0
RCR,Fulton County Airport,Rochester,US-IN,41.0656013489,-86.18170166019999,790.0
RDB,Red Dog Airport,Red Dog,US-AK,68.032097,-162.899002,969.0
RDD,Redding Municipal Airport,Redding,US-CA,40.50899887,-122.2929993,505.0
RDG,Reading Regional Airport (Carl A Spaatz Field),Reading,US-PA,40.378502,-75.965202,344.0
RDM,Roberts Field,Redmond,US-OR,44.254101,-121.150002,3080.0
RDR,Grand Forks Air Force Base,Grand Forks,US-ND,47.961101532,-97.4011993408,913.0
RDU,Raleigh-Durham International Airport,Raleigh/Durham,US-NC,35.878659,-78.7873,435.0
RDV,Red Devil Airport,Red Devil,US-AK,61.788101,-157.350006,174.0
RED,Mifflin County Airport,Reedsville,US-PA,40.6773986816,-77.6268005371,819.0
REE,Reese Airpark,Lubbock,US-TX,33.590301513672,-102.03700256348,3338.0
REO,Rome State Airport,Rome,US-OR,42.5777015686,-117.885002136,4053.0
RFD,Chicago Rockford International Airport,Chicago/Rockford,US-IL,42.1954,-89.097198,742.0
RFG,Rooke Field,Refugio,US-TX,28.2936,-97.322998,56.0
RFK,Rollang Field,Rolling Fork,US-MS,32.953543,-90.845144,106.0
RGR,Ranger Municipal Airport,Ranger,US-TX,32.4525985718,-98.682800293,1470.0
RHI,Rhinelander Oneida County Airport,Rhinelander,US-WI,45.63119888305664,-89.46749877929688,1624.0
RHV,Reid-Hillview Airport of Santa Clara County,San Jose,US-CA,37.332901,-121.819,135.0
RIC,Richmond International Airport,Richmond,US-VA,37.505199,-77.319702,167.0
RID,Richmond Municipal Airport,Richmond,US-IN,39.757198,-84.842796,1140.0
RIE,Rice Lake Regional Airport - Carl's Field,Rice Lake,US-WI,45.423024,-91.773127,1109.0
RIF,Richfield Municipal Airport,Richfield,US-UT,38.734068,-112.101603,5301.0
RIL,Garfield County Regional Airport,Rifle,US-CO,39.526299,-107.726997,5548.0
RIR,Flabob Airport,Riverside,US-CA,33.9897,-117.411003,764.0
RIV,March Air Reserve Base,Riverside,US-CA,33.880699,-117.259003,1536.0
RIW,Central Wyoming Regional Airport,Riverton,US-WY,43.064201,-108.459999,5525.0
RKD,Knox County Regional Airport,Rockland,US-ME,44.060101,-69.099197,56.0
RKH,Rock Hill - York County Airport,Rock Hill,US-SC,34.9878006,-81.05719757,666.0
RKP,Aransas County Airport,Rockport,US-TX,28.0867996216,-97.0446014404,24.0
RKR,Robert S Kerr Airport,Poteau,US-OK,35.021599,-94.6213,451.0
RKS,Southwest Wyoming Regional Airport,Rock Springs,US-WY,41.5942,-109.065001,6764.0
RKW,Rockwood Municipal Airport,Rockwood,US-TN,35.9222984314,-84.6896972656,1664.0
RLA,Rolla Downtown Airport,Rolla,US-MO,37.935699,-91.813499,987.0
RLD,Richland Airport,Richland,US-WA,46.305599,-119.304001,394.0
RME,Griffiss International Airport,Rome,US-NY,43.23379898,-75.40699768,504.0
RMG,Richard B Russell Airport,Rome,US-GA,34.3506011963,-85.15799713130001,644.0
RMP,Rampart Airport,Rampart,US-AK,65.507896,-150.141007,302.0
RMY,Mariposa Yosemite Airport,Mariposa,US-CA,37.5108985901,-120.040000916,2254.0
RNC,Warren County Memorial Airport,Mc Minnville,US-TN,35.69869995,-85.84380341,1032.0
RND,Randolph Air Force Base,Universal City,US-TX,29.529699,-98.2789,761.0
RNH,New Richmond Regional Airport,New Richmond,US-WI,45.1483,-92.538101,998.0
RNO,Reno Tahoe International Airport,Reno,US-NV,39.4991,-119.767998,4415.0
RNT,Renton Municipal Airport,Renton,US-WA,47.4930992126,-122.216003418,32.0
RNZ,Jasper County Airport,Rensselaer,US-IN,40.9478988647,-87.1826019287,698.0
ROA,Roanoke–Blacksburg Regional Airport,Roanoke,US-VA,37.3255,-79.975403,1175.0
ROC,Frederick Douglass Greater Rochester International Airport,Rochester,US-NY,43.1189,-77.672401,559.0
ROF,Montague-Yreka Rohrer Field,Montague,US-CA,41.7304000854,-122.54599762,2527.0
ROG,Rogers Municipal Airport-Carter Field,Rogers,US-AR,36.37229919,-94.10690308,1359.0
ROL,Roosevelt Municipal Airport,Roosevelt,US-UT,40.278301,-110.051003,5172.0
ROP,Rota International Airport,Rota Island,MP-U-A,14.173267,145.241103,607.0
ROW,Roswell Air Center Airport,Roswell,US-NM,33.301601,-104.530998,3671.0
ROX,Roseau Municipal Rudy Billberg Field,Roseau,US-MN,48.855999,-95.696999,1060.0
RPX,Roundup Airport,Roundup,US-MT,46.475095,-108.541497,3500.0
RQO,El Reno Regional Airport,El Reno,US-OK,35.472698,-98.005798,1420.0
RRL,Merrill Municipal Airport,Merrill,US-WI,45.198898,-89.712898,1318.0
RRT,Warroad International Memorial Airport,Warroad,US-MN,48.94139862,-95.3483963,1076.0
RSH,Russian Mission Airport,Russian Mission,US-AK,61.775071,-161.319466,51.0
RSJ,Rosario Seaplane Base,Rosario,US-WA,48.645699,-122.867996,
RSL,Russell Municipal Airport,Russell,US-KS,38.872100830078,-98.811798095703,1862.0
RSN,Ruston Regional Airport,Ruston,US-LA,32.514187,-92.588517,311.0
RST,Rochester International Airport,Rochester,US-MN,43.908298,-92.5,1317.0
RSW,Southwest Florida International Airport,Fort Myers,US-FL,26.534685,-81.752816,30.0
RSX,Rouses Point Seaplane Base,Rouses Point,US-NY,44.991699,-73.363073,95.0
RTL,Spirit Lake Municipal Airport,Okoboji,US-IA,43.387501,-95.139198,1434.0
RTN,Raton Municipal Airport / Crews Field,Raton,US-NM,36.741501,-104.501999,6352.0
RUI,Sierra Blanca Regional Airport,Alto,US-NM,33.462799,-105.535004,6814.0
RUT,Rutland - Southern Vermont Regional Airport,Rutland,US-VT,43.5294,-72.9496,787.0
RVR,Green River Municipal Airport,Green River,US-UT,38.9613990784,-110.226997375,4225.0
RVS,Tulsa Riverside Airport,Tulsa,US-OK,36.0396,-95.984596,638.0
RWF,Redwood Falls Municipal Airport,Redwood Falls,US-MN,44.547199,-95.082298,1024.0
RWI,Rocky Mount Wilson Regional Airport,Rocky Mount,US-NC,35.8563,-77.891899,159.0
RWL,Rawlins Municipal Airport/Harvey Field,Rawlins,US-WY,41.80559921,-107.1999969,6813.0
RXE,Rexburg Madison County Airport,Rexburg,US-ID,43.8339,-111.805002,4858.0
SAA,Shively Field,Saratoga,US-WY,41.444901,-106.823997,7012.0
SAC,Sacramento Executive Airport,Sacramento,US-CA,38.5125007629,-121.492996216,24.0
SAD,Safford Regional Airport,Safford,US-AZ,32.85480118,-109.6350021,3179.0
SAF,Santa Fe Municipal Airport,Santa Fe,US-NM,35.6171,-106.088997,6348.0
SAN,San Diego International Airport,San Diego,US-CA,32.733601,-117.190002,17.0
SAR,Sparta Community Airport - Hunter Field,Sparta,US-IL,38.148899,-89.6987,538.0
SAS,Salton Sea Airport,Salton City,US-CA,33.2414016724,-115.952003479,-84.0
SAT,San Antonio International Airport,San Antonio,US-TX,29.533701,-98.469803,809.0
SAV,Savannah Hilton Head International Airport,Savannah,US-GA,32.126591,-81.19998,50.0
SBA,Santa Barbara Municipal Airport,Santa Barbara,US-CA,34.426201,-119.839996,13.0
SBD,San Bernardino International Airport,San Bernardino,US-CA,34.096717,-117.236596,1159.0
SBM,Sheboygan County Memorial Airport,Sheboygan,US-WI,43.76959991,-87.85140228,755.0
SBN,South Bend International Airport,South Bend,US-IN,41.708304,-86.316922,799.0
SBO,Salina Gunnison Airport,Salina,US-UT,39.029098510699995,-111.837997437,5159.0
SBP,San Luis County Regional Airport,San Luis Obispo,US-CA,35.236801147499996,-120.641998291,212.0
SBS,Steamboat Springs Bob Adams Field,Steamboat Springs,US-CO,40.5163002,-106.8659973,6882.0
SBX,Shelby Airport,Shelby,US-MT,48.5406990051,-111.871002197,3443.0
SBY,Salisbury Ocean City Wicomico Regional Airport,Salisbury,US-MD,38.34049987792969,-75.51029968261719,52.0
SCB,Scribner State Airport,Scribner,US-NE,41.610298,-96.629898,1325.0
SCC,Deadhorse Airport,Deadhorse,US-AK,70.19470215,-148.4649963,65.0
SCE,State College Regional Airport,State College,US-PA,40.849374,-77.84852,1239.0
SCF,Scottsdale Airport,Scottsdale,US-AZ,33.622898101807,-111.91100311279,1510.0
SCH,Schenectady County Airport,Schenectady,US-NY,42.852500915527,-73.928901672363,378.0
SCK,Stockton Metropolitan Airport,Stockton,US-CA,37.893279,-121.238079,33.0
SCM,Scammon Bay Airport,Scammon Bay,US-AK,61.84471,-165.575209,14.0
SDF,Louisville Muhammad Ali International Airport,Louisville,US-KY,38.1706,-85.735076,501.0
SDM,Brown Field Municipal Airport,San Diego,US-CA,32.572639,-116.980019,526.0
SDP,Sand Point Airport,Sand Point,US-AK,55.313908,-160.522099,21.0
SDX,Sedona Airport,Sedona,US-AZ,34.848598480225,-111.78800201416,4830.0
SDY,Sidney - Richland Regional Airport,Sidney,US-MT,47.705141,-104.194422,1985.0
SEA,Seattle–Tacoma International Airport,Seattle,US-WA,47.447943,-122.310276,433.0
SEE,Gillespie Field,San Diego/El Cajon,US-CA,32.826198577881,-116.97200012207,388.0
SEF,Sebring Regional Airport,Sebring,US-FL,27.45639992,-81.3423996,62.0
SEG,Penn Valley Airport,Selinsgrove,US-PA,40.820598602295,-76.863899230957,450.0
SEM,Craig Field,Selma,US-AL,32.343898773193,-86.987800598145,166.0
SEP,Stephenville Clark Regional Airport,Stephenville,US-TX,32.215302,-98.177696,1321.0
SER,Freeman Municipal Airport,Seymour,US-IN,38.923599243164,-85.907402038574,583.0
SFB,Orlando Sanford International Airport,Orlando,US-FL,28.774277,-81.234626,55.0
SFF,Felts Field,Spokane,US-WA,47.682899,-117.321925,1953.0
SFM,Sanford Seacoast Regional Airport,Sanford,US-ME,43.393901824951,-70.708000183105,244.0
SFO,San Francisco International Airport,San Francisco,US-CA,37.619806,-122.374821,13.0
SFZ,North Central State Airport,Pawtucket,US-RI,41.9207992554,-71.49140167239999,441.0
SGF,Springfield Branson National Airport,Springfield,US-MO,37.245047,-93.388596,1268.0
SGH,Springfield-Beckley Municipal Airport,Springfield,US-OH,39.840301513672,-83.840202331543,1051.0
SGR,Sugar Land Regional Airport,Houston,US-TX,29.622299194336,-95.65650177002,82.0
SGT,Stuttgart Municipal Airport / Carl Humphrey Field,Stuttgart,US-AR,34.599499,-91.574997,224.0
SGU,St George Regional Airport,St George,US-UT,37.036389,-113.510306,2941.0
SGW,Saginaw Seaplane Base,Saginaw Bay,US-AK,56.886299,-134.158005,
SGY,Skagway Airport,Skagway,US-AK,59.460343,-135.316651,44.0
SHD,Shenandoah Valley Regional Airport,Weyers Cave,US-VA,38.263802,-78.8964,1201.0
SHG,Shungnak Airport,Shungnak,US-AK,66.88809967041,-157.16200256348,197.0
SHH,Shishmaref Airport,Shishmaref,US-AK,66.249604,-166.089112,12.0
SHN,Sanderson Field,Shelton,US-WA,47.233600616455,-123.14800262451,273.0
SHR,Sheridan County Airport,Sheridan,US-WY,44.76919937133789,-106.9800033569336,4021.0
SHV,Shreveport Regional Airport,Shreveport,US-LA,32.444747,-93.826741,258.0
SHX,Shageluk Airport,Shageluk,US-AK,62.692144,-159.569035,79.0
SIG,Fernando Luis Ribas Dominicci Airport,San Juan,PR-U-A,18.45680046081543,-66.09809875488281,10.0
SIK,Sikeston Memorial Municipal Airport,Sikeston,US-MO,36.898899078369,-89.561798095703,315.0
SIT,Sitka Rocky Gutierrez Airport,Sitka,US-AK,57.04710006713867,-135.36199951171875,21.0
SIV,Sullivan County Airport,Sullivan,US-IN,39.1147,-87.448303,540.0
SIY,Siskiyou County Airport,Montague,US-CA,41.781399,-122.468002,2648.0
SJC,Norman Y. Mineta San Jose International Airport,San Jose,US-CA,37.362452,-121.929188,62.0
SJF,Cruz Bay Seaplane Base,Cruz Bay,VI-SJ,18.3315,-64.796,
SJN,St Johns Industrial Air Park,St Johns,US-AZ,34.51860046,-109.3789978,5737.0
SJT,San Angelo Regional Mathis Field,San Angelo,US-TX,31.35770034790039,-100.49600219726562,1919.0
SJU,Luis Munoz Marin International Airport,San Juan,PR-U-A,18.4394,-66.001801,9.0
SKA,Fairchild Air Force Base,Spokane,US-WA,47.615101,-117.655998,2461.0
SKF,Lackland Air Force Base,San Antonio,US-TX,29.38419914,-98.58110046,691.0
SKK,Shaktoolik Airport,Shaktoolik,US-AK,64.371101,-161.223999,24.0
SKW,Skwentna Airport,Skwentna,US-AK,61.9653015137,-151.190994263,148.0
SLB,Storm Lake Municipal Airport,Storm Lake,US-IA,42.5973014832,-95.2406997681,1488.0
SLC,Salt Lake City International Airport,Salt Lake City,US-UT,40.78886,-111.979866,4227.0
SLE,Salem-Willamette Valley Airport/McNary Field,Salem,US-OR,44.9095,-123.002998,214.0
SLG,Smith Field,Siloam Springs,US-AR,36.191898,-94.489998,1191.0
SLK,Adirondack Regional Airport,Saranac Lake,US-NY,44.38691,-74.204629,1663.0
SLN,Salina Municipal Airport,Salina,US-KS,38.79100036621094,-97.6521987915039,1288.0
SLO,Salem–Leckrone Airport,Salem,US-IL,38.642899,-88.964203,573.0
SLQ,Sleetmute Airport,Sleetmute,US-AK,61.7005,-157.166,190.0
SLR,Sulphur Springs Municipal Airport,Sulphur Springs,US-TX,33.159801483154,-95.621101379395,489.0
SLT,Salida Airport - Harriet Alexander Field,Salida,US-CO,38.5383,-106.049004,7523.0
SMD,Smith Field,Fort Wayne,US-IN,41.14339828,-85.15280151,835.0
SME,Lake Cumberland Regional Airport,Somerset,US-KY,37.0533981323,-84.6158981323,927.0
SMF,Sacramento International Airport,Sacramento,US-CA,38.6954,-121.591003,27.0
SMK,St Michael Airport,St Michael,US-AK,63.49010086,-162.1100006,98.0
SMN,Lemhi County Airport,Salmon,US-ID,45.122233,-113.88196,4043.0
SMO,Santa Monica Municipal Airport,Santa Monica,US-CA,34.0158,-118.450996,170.0
SMU,Sheep Mountain Airport,Sheep Mountain,US-AK,61.8120002747,-147.507003784,2750.0
SMX,Santa Maria Public Airport Captain G Allan Hancock Field,Santa Maria,US-CA,34.898899,-120.457001,261.0
SNA,John Wayne Orange County International Airport,Santa Ana,US-CA,33.675063,-117.869281,56.0
SNK,Winston Field,Snyder,US-TX,32.690212,-100.948918,2430.0
SNL,Shawnee Regional Airport,Shawnee,US-OK,35.357898712158,-96.942802429199,1073.0
SNP,St Paul Island Airport,St Paul Island,US-AK,57.166311,-170.222555,63.0
SNS,Salinas Municipal Airport,Salinas,US-CA,36.662799835205,-121.60600280762,85.0
SNY,Sidney Municipal Airport Lloyd W Carr Field,Sidney,US-NE,41.101299,-102.985001,4313.0
SOL,Solomon State Field,Solomon,US-AK,64.5605,-164.4457,25.0
SOP,Moore County Airport,Carthage,US-NC,35.237184,-79.389381,455.0
SOV,Seldovia Airport,Seldovia,US-AK,59.442981,-151.705227,29.0
SOW,Show Low Regional Airport,Show Low,US-AZ,34.264062,-110.007091,6415.0
SPA,Spartanburg Downtown Memorial Airport,Spartanburg,US-SC,34.915699005127,-81.956497192383,801.0
SPB,Charlotte Amalie Harbor Seaplane Base,Charlotte Amalie,VI-ST,18.338204,-64.939675,
SPF,Black Hills Airport-Clyde Ice Field,Spearfish,US-SD,44.48030090332,-103.78299713135,3931.0
SPG,Albert Whitted Airport,St Petersburg,US-FL,27.7651,-82.626999,7.0
SPI,Abraham Lincoln Capital Airport,Springfield,US-IL,39.844101,-89.677902,598.0
SPN,Saipan International Airport,"I Fadang, Saipan",MP-U-A,15.119384,145.728848,215.0
SPQ,Catalina Air-Sea Terminal Heliport,San Pedro,US-CA,33.7491989136,-118.275001526,5.0
SPS,Wichita Falls Municipal Airport / Sheppard Air Force Base,Wichita Falls,US-TX,33.9888,-98.491898,1019.0
SPW,Spencer Municipal Airport,Spencer,US-IA,43.165500640869,-95.202796936035,1339.0
SPZ,Springdale Municipal Airport,Springdale,US-AR,36.176399231,-94.1193008423,1353.0
SQA,Santa Ynez Airport,Santa Ynez,US-CA,34.60680008,-120.0759964,674.0
SQI,Whiteside County Airport - Joseph H Bittorf Field,Rock Falls,US-IL,41.742175,-89.673629,648.0
SQL,San Carlos Airport,San Carlos,US-CA,37.51313,-122.250838,5.0
SQV,Sequim Valley Airport,Sequim,US-WA,48.098098754883,-123.18699645996,144.0
SRC,Searcy Municipal Airport,Searcy,US-AR,35.210602,-91.737503,265.0
SRQ,Sarasota Bradenton International Airport,Sarasota/Bradenton,US-FL,27.394631,-82.554359,30.0
SRV,Stony River 2 Airport,Stony River,US-AK,61.7897,-156.589005,230.0
SRW,Mid-Carolina Regional Airport,Salisbury,US-NC,35.645901,-80.520302,772.0
SSB,Christiansted Harbor Seaplane Base,Christiansted,VI-SC,17.747908,-64.707928,
SSC,Shaw Air Force Base,Sumter,US-SC,33.972698,-80.470596,241.0
SSF,Stinson Municipal Airport,San Antonio,US-TX,29.336999893188,-98.471099853516,577.0
SSI,St Simons Island Airport,St Simons Island,US-GA,31.1518,-81.391296,19.0
SSW,Stuart Island Airpark,Friday Harbor,US-WA,48.673379,-123.175439,10.0
STC,Saint Cloud Regional Airport,Saint Cloud,US-MN,45.5466,-94.059898,1031.0
STE,Stevens Point Municipal Airport,Stevens Point,US-WI,44.5452003479,-89.530296325684,1110.0
STG,St George Airport,St George,US-AK,56.577345,-169.663823,125.0
STJ,Rosecrans Memorial Airport,St Joseph,US-MO,39.771900177002,-94.909698486328,826.0
STK,Sterling Municipal Airport,Sterling,US-CO,40.613497,-103.263833,4040.0
STL,St. Louis Lambert International Airport,St Louis,US-MO,38.748697,-90.370003,618.0
STP,Saint Paul Downtown Holman Field,Saint Paul,US-MN,44.93479,-93.060036,705.0
STQ,St Marys Municipal Airport,St Marys,US-PA,41.412498474121,-78.502601623535,1934.0
STS,Charles M. Schulz Sonoma County Airport,Santa Rosa,US-CA,38.50899887,-122.8130035,128.0
STT,Cyril E. King Airport,Charlotte Amalie,VI-ST,18.337091,-64.977251,23.0
STX,Henry E. Rohlsen Airport,Christiansted,VI-SC,17.701413,-64.802608,74.0
SUA,Witham Field,Stuart,US-FL,27.18169975,-80.22109985,16.0
SUD,Stroud Municipal Airport,Stroud,US-OK,35.789600372314,-96.655700683594,900.0
SUE,Door County Cherryland Airport,Sturgeon Bay,US-WI,44.84370041,-87.42150116,725.0
SUM,Sumter Airport,Sumter,US-SC,33.994998931885,-80.361297607422,182.0
SUN,Friedman Memorial Airport,Hailey,US-ID,43.50439835,-114.2959976,5318.0
SUO,Sunriver Airport,Sunriver,US-OR,43.876301,-121.453003,4164.0
SUS,Spirit of St Louis Airport,St Louis,US-MO,38.662102,-90.652,463.0
SUU,Travis Air Force Base,Fairfield,US-CA,38.262699,-121.927002,62.0
SUW,Richard I Bong Memorial Airport,Superior,US-WI,46.688612,-92.095041,674.0
SUX,Sioux Gateway Airport / Brigadier General Bud Day Field,Sioux City,US-IA,42.397605,-96.382237,1098.0
SVA,Savoonga Airport,Savoonga,US-AK,63.686401,-170.492996,53.0
SVC,Grant County Airport,Silver City,US-NM,32.636701,-108.154736,5446.0
SVE,Susanville Municipal Airport,Susanville,US-CA,40.375702,-120.572998,4149.0
SVH,Statesville Regional Airport,Statesville,US-NC,35.765301,-80.953903,968.0
SVN,Hunter Army Air Field,Savannah,US-GA,32.00999832,-81.14569855,41.0
SVS,Stevens Village Airport,Stevens Village,US-AK,66.016727,-149.056835,328.0
SVW,Sparrevohn LRRS Airport,Sparrevohn,US-AK,61.09740067,-155.5740051,1585.0
SWD,Seward Airport,Seward,US-AK,60.130478,-149.418612,22.0
SWF,New York Stewart International Airport,Newburgh,US-NY,41.50421,-74.108901,491.0
SWO,Stillwater Regional Airport,Stillwater,US-OK,36.162132,-97.085581,1000.0
SWW,Avenger Field,Sweetwater,US-TX,32.467399597168,-100.46700286865,2380.0
SXP,Nunam Iqua Airport,Nunam Iqua,US-AK,62.520599,-164.848006,12.0
SXQ,Soldotna Airport,Soldotna,US-AK,60.474935,-151.038471,113.0
SXY,Sidney Municipal Airport,Sidney,US-NY,42.302600860596,-75.416000366211,1027.0
SYA,Eareckson Air Station,Shemya,US-AK,52.71229935,174.1139984,95.0
SYB,Seal Bay Seaplane Base,Seal Bay,US-AK,58.373291,-152.201797,
SYI,Bomar Field / Shelbyville Municipal Airport,Shelbyville,US-TN,35.560101,-86.442497,801.0
SYL,Roberts Army Heliport,Camp Roberts/San Miguel,US-CA,35.814999,-120.744003,630.0
SYN,Stanton Airfield,Dennison,US-MN,44.475579,-93.016756,920.0
SYR,Syracuse Hancock International Airport,Syracuse,US-NY,43.11119842529297,-76.1063003540039,421.0
SYV,Sylvester Airport,Sylvester,US-GA,31.558500289917,-83.895698547363,403.0
SZL,Whiteman Air Force Base,Knob Noster,US-MO,38.730301,-93.547897,870.0
SZN,Santa Cruz Island Airport,Santa Cruz Island,US-CA,34.06007,-119.915229,50.0
SZP,Santa Paula Airport,Santa Paula,US-CA,34.34719849,-119.060997,243.0
TAD,Perry Stokes Airport,Trinidad,US-CO,37.2593994141,-104.341003418,5762.0
TAL,Ralph M Calhoun Memorial Airport,Tanana,US-AK,65.1744,-152.108994,236.0
TBC,Tuba City Airport,Tuba City,US-AZ,36.091146,-111.38286,4513.0
TBN,Waynesville-St. Robert Regional Airport-Forney Field,Fort Leonard Wood,US-MO,37.7416,-92.140701,1159.0
TBR,Statesboro Bulloch County Airport,Statesboro,US-GA,32.4827003479,-81.73690032959999,187.0
TCC,Tucumcari Municipal Airport,Tucumcari,US-NM,35.182800293,-103.602996826,4065.0
TCL,Tuscaloosa National Airport,Tuscaloosa,US-AL,33.2206,-87.611397,170.0
TCM,McChord Air Force Base,Tacoma,US-WA,47.137699,-122.475998,322.0
TCS,Truth or Consequences Municipal Airport,Truth or Consequences,US-NM,33.2369,-107.272003,4853.0
TCT,Takotna Airport,Takotna,US-AK,62.993206,-156.029026,825.0
TDO,Ed Carlson Memorial Field South Lewis County Airport,Toledo,US-WA,46.4771995544,-122.805999756,374.0
TDW,Tradewind Airport,Amarillo,US-TX,35.1698989868,-101.825996399,3649.0
TDZ,Toledo Executive Airport,Toledo,US-OH,41.56489944,-83.4822998,623.0
TEB,Teterboro Airport,Teterboro,US-NJ,40.850101,-74.060799,9.0
TEH,Tetlin Airport,Tetlin,US-AK,63.124618,-142.518005,1663.0
TEK,Tatitlek Airport,Tatitlek,US-AK,60.871449,-146.690297,62.0
TEX,Telluride Regional Airport,Telluride,US-CO,37.9538,-107.907997,9070.0
THA,Tullahoma Regional Airport William Northern Field,Tullahoma,US-TN,35.3801,-86.246399,1083.0
THM,Thompson Falls Airport,Thompson Falls,US-MT,47.573501586914,-115.28099822998,2467.0
THP,Hot Springs County Airport,Thermopolis,US-WY,43.713602,-108.389687,4895.0
THV,York Airport,Thomasville,US-PA,39.917,-76.873001,495.0
TIK,Tinker Air Force Base,Oklahoma City,US-OK,35.4147,-97.386597,1291.0
TIQ,Francisco Manglona Borja / Tinian International Airport,Tinian Island,MP-U-A,14.999207,145.619355,271.0
TIW,Tacoma Narrows Airport,Tacoma,US-WA,47.267407,-122.577295,294.0
TIX,Space Coast Regional Airport,Titusville,US-FL,28.514799118042,-80.799201965332,34.0
TKA,Talkeetna Airport,Talkeetna,US-AK,62.320499420166,-150.09399414062,358.0
TKE,Tenakee Seaplane Base,Tenakee Springs,US-AK,57.779701,-135.218002,
TKF,Truckee Tahoe Airport,Truckee,US-CA,39.318628,-120.140562,5900.0
TKI,Tokeen Seaplane Base,Tokeen,US-AK,55.937099,-133.326996,
TKJ,Tok Junction Airport,Tok,US-AK,63.32949829,-142.9539948,1639.0
TKL,Taku Lodge Seaplane Base,Taku Lodge,US-AK,58.491645,-133.941575,
TLA,Teller Airport,Teller,US-AK,65.240402,-166.339005,294.0
TLF,Telida Airport,Telida,US-AK,63.393902,-153.268997,650.0
TLH,Tallahassee International Airport,Tallahassee,US-FL,30.401209,-84.35433,81.0
TLJ,Tatalina LRRS Airport,Takotna,US-AK,62.8944015503,-155.977005005,964.0
TLR,Mefford Field,Tulare,US-CA,36.15629959,-119.3259964,265.0
TLT,Tuluksak Airport,Tuluksak,US-AK,61.086973,-160.922842,30.0
TMA,Henry Tift Myers Airport,Tifton,US-GA,31.4290008545,-83.4885025024,355.0
TMB,Miami Executive Airport,Miami,US-FL,25.6479,-80.4328,8.0
TNC,Tin City Long Range Radar Station Airport,Tin City,US-AK,65.563103,-167.921997,271.0
TNK,Tununak Airport,Tununak,US-AK,60.569638,-165.246649,14.0
TNP,Twentynine Palms Airport,Twentynine Palms,US-CA,34.133901,-115.947347,1888.0
TNT,Dade Collier Training and Transition Airport,Miami,US-FL,25.861788,-80.89701,13.0
TNU,Newton Municipal Airport,Newton,US-IA,41.6744,-93.021698,953.0
TOA,Zamperini Field,Torrance,US-CA,33.803398132324,-118.33999633789,103.0
TOC,Toccoa Airport - R.G. Letourneau Field,Toccoa,US-GA,34.5938,-83.295799,996.0
TOG,Togiak Airport,Togiak Village,US-AK,59.052799,-160.397003,21.0
TOI,Troy Municipal Airport at N Kenneth Campbell Field,Troy,US-AL,31.860399,-86.012101,398.0
TOL,Eugene F. Kranz Toledo Express Airport,Toledo,US-OH,41.5868,-83.8078,683.0
TOP,Philip Billard Municipal Airport,Topeka,US-KS,39.069899,-95.622606,881.0
TOR,Torrington Municipal Airport,Torrington,US-WY,42.0644989,-104.1529999,4207.0
TPA,Tampa International Airport,Tampa,US-FL,27.9755,-82.533203,26.0
TPF,Peter O Knight Airport,Tampa,US-FL,27.915599822998,-82.44930267334,8.0
TPH,Tonopah Airport,Tonopah,US-NV,38.06019974,-117.086998,5430.0
TPL,Draughon Miller Central Texas Regional Airport,Temple,US-TX,31.1525,-97.407799,682.0
TRH,Trona Airport,Trona,US-CA,35.8125,-117.327003479,1716.0
TRI,Tri-Cities Regional TN/VA Airport,Blountville,US-TN,36.475201,-82.407401,1519.0
TRL,Terrell Municipal Airport,Terrell,US-TX,32.709202,-96.267403,474.0
TRM,Jacqueline Cochran Regional Airport,Palm Springs,US-CA,33.62670135498,-116.16000366211,-115.0
TRX,Trenton Municipal Airport,Trenton,US-MO,40.0835,-93.590599,758.0
TSG,Tanacross Airport,Tanacross,US-AK,63.374401092499994,-143.335998535,1549.0
TSM,Taos Regional Airport,Taos,US-NM,36.452494,-105.67749,7095.0
TSP,Tehachapi Municipal Airport,Tehachapi,US-CA,35.134998321533,-118.43900299072,4001.0
TSS,East 34th Street Heliport,New York,US-NY,40.742372,-73.972074,10.0
TTD,Portland Troutdale Airport,Portland,US-OR,45.54940032959,-122.40100097656,39.0
TTN,Trenton Mercer Airport,Ewing Township,US-NJ,40.276699,-74.813499,213.0
TTO,Britton Municipal Airport,Britton,US-SD,45.815200805664,-97.743103027344,1318.0
TUH,Arnold Air Force Base,Manchester,US-TN,35.392601,-86.0858,1067.0
TUL,Tulsa International Airport,Tulsa,US-OK,36.197084,-95.886225,677.0
TUP,Tupelo Regional Airport,Tupelo,US-MS,34.26810073852539,-88.7698974609375,346.0
TUS,Tucson International Airport,Tucson,US-AZ,32.115004,-110.938053,2643.0
TVC,Cherry Capital Airport,Traverse City,US-MI,44.741402,-85.582199,624.0
TVF,Thief River Falls Regional Airport,Thief River Falls,US-MN,48.065701,-96.184998,1119.0
TVI,Thomasville Regional Airport,Thomasville,US-GA,30.901599884033,-83.881301879883,264.0
TVL,Lake Tahoe Airport,South Lake Tahoe,US-CA,38.89390182495117,-119.99500274658205,6264.0
TWA,Twin Hills Airport,Twin Hills,US-AK,59.074713,-160.274992,82.0
TWD,Jefferson County International Airport,Port Townsend,US-WA,48.053799,-122.810997,108.0
TWE,Taylor Airport,Taylor,US-AK,65.6792984009,-164.798995972,440.0
TWF,Joslin Field Magic Valley Regional Airport,Twin Falls,US-ID,42.4818,-114.487999,4154.0
TWH,Two Harbors Amphibious Terminal,Two Harbors,US-CA,33.432222222200004,-118.508611111,
TXK,Texarkana Regional Airport (Webb Field),Texarkana,US-AR,33.453701,-93.990997,390.0
TYE,Tyonek Airport,Tyonek,US-AK,61.076556,-151.131363,110.0
TYR,Tyler Pounds Regional Airport,Tyler,US-TX,32.35409927368164,-95.40239715576172,544.0
TYS,McGhee Tyson Airport,Knoxville/Maryville,US-TN,35.811001,-83.994003,981.0
TYZ,Taylor Airport,Taylor,US-AZ,34.45280075,-110.1149979,5823.0
TZC,Tuscola Area Airport,Caro,US-MI,43.458801,-83.445503,701.0
UAM,Andersen Air Force Base,Yigo,GU-U-A,13.584,144.929998,627.0
UBS,Columbus Lowndes County Airport,Columbus,US-MS,33.4654006958,-88.3803024292,188.0
UCC,Yucca Airstrip,Mercury,US-NV,36.934661,-116.00596,3919.0
UCE,Eunice Airport,Eunice,US-LA,30.466299057007,-92.423797607422,42.0
UCY,Everett-Stewart Regional Airport,Union City,US-TN,36.38180161,-88.98539734,336.0
UDD,Bermuda Dunes Airport,Bermuda Dunes,US-CA,33.748492,-116.275027,73.0
UES,Waukesha County Airport,Waukesha,US-WI,43.041000366211,-88.237098693848,911.0
UGB,Ugashik Bay Airport,Pilot Point,US-AK,57.424052,-157.74479,132.0
UGI,San Juan /Uganik/ Seaplane Base,San Juan,US-AK,57.7304,-153.320999,0.0
UGN,Waukegan National Airport,Chicago/Waukegan,US-IL,42.422199249268,-87.867897033691,727.0
UGS,Ugashik Airport,Ugashik,US-AK,57.523476,-157.396344,25.0
UIL,Quillayute Airport,Quillayute,US-WA,47.936599731445,-124.56300354004,194.0
UIN,Quincy Regional Airport Baldwin Field,Quincy,US-IL,39.942699,-91.194603,768.0
UKI,Ukiah Municipal Airport,Ukiah,US-CA,39.125999,-123.200996,614.0
UKN,Waukon Municipal Airport,Waukon,US-IA,43.280498504639,-91.469497680664,1281.0
UKT,Quakertown Airport,Quakertown,US-PA,40.4352,-75.381897,526.0
ULM,New Ulm Municipal Airport,New Ulm,US-MN,44.319599151611,-94.502296447754,1011.0
UMM,Summit Airport,Cantwell,US-AK,63.331501,-149.126999,2409.0
UMT,Umiat Airport,Umiat,US-AK,69.371101,-152.136002,267.0
UMZ,Mena Intermountain Municipal Airport,Mena,US-AR,34.545399,-94.202698,1080.0
UNK,Unalakleet Airport,Unalakleet,US-AK,63.888401,-160.798996,27.0
UNU,Dodge County Airport,Juneau,US-WI,43.42660141,-88.70320129,934.0
UOS,Franklin County Airport,Sewanee,US-TN,35.204754,-85.899052,1953.0
UOX,University Oxford Airport,Oxford,US-MS,34.384300231934,-89.536796569824,452.0
UPP,Upolu Airport,Hawi,US-HI,20.265301,-155.860001,96.0
USA,Concord-Padgett Regional Airport,Concord,US-NC,35.387798,-80.709099,705.0
USC,"Union County, Troy Shelton Field",Union,US-SC,34.687046,-81.64105,610.0
UST,Northeast Florida Regional Airport,St Augustine,US-FL,29.9592,-81.339798,10.0
UTM,Tunica Municipal Airport,Tunica,US-MS,34.68505,-90.347757,194.0
UTO,Indian Mountain LRRS Airport,Utopia Creek,US-AK,65.992798,-153.703995,1273.0
UUK,Ugnu-Kuparuk Airport,Kuparuk,US-AK,70.33080291750001,-149.598007202,67.0
UVA,Garner Field,Uvalde,US-TX,29.2112998962,-99.743598938,942.0
UWA,Ware Airport,Ware,US-MA,42.282001495361,-72.214797973633,483.0
VAD,Moody Air Force Base,Valdosta,US-GA,30.9678001404,-83.1930007935,233.0
VAK,Chevak Airport,Chevak,US-AK,61.5409,-165.6005,75.0
VBG,Vandenberg Space Force Base,Lompoc,US-CA,34.737301,-120.584,369.0
VCT,Victoria Regional Airport,Victoria,US-TX,28.85260009765625,-96.9185028076172,115.0
VCV,Southern California Logistics Airport,Victorville,US-CA,34.597499847399995,-117.383003235,2885.0
VDI,Vidalia Regional Airport,Vidalia,US-GA,32.192699432373,-82.371200561523,275.0
VDZ,Valdez Pioneer Field,Valdez,US-AK,61.132712,-146.246567,121.0
VEE,Venetie Airport,Venetie,US-AK,67.008698,-146.365997,574.0
VEL,Vernal Regional Airport,Vernal,US-UT,40.436214,-109.511661,5278.0
VEX,Tioga Municipal Airport,Tioga,US-ND,48.38050079,-102.8980026,2271.0
VGT,North Las Vegas Airport,Las Vegas,US-NV,36.209074,-115.193982,2205.0
VHN,Culberson County Airport,Van Horn,US-TX,31.057800292969,-104.78399658203,3957.0
VIH,Rolla National Airport,Vichy,US-MO,38.127399,-91.769501,1148.0
VIS,Visalia Municipal Airport,Visalia,US-CA,36.318699,-119.392998,295.0
VJI,Virginia Highlands Airport,Abingdon,US-VA,36.687099,-82.033302,2087.0
VKS,Vicksburg Municipal Airport,Vicksburg,US-MS,32.23929977417,-90.928398132324,106.0
VLA,Vandalia Municipal Airport,Vandalia,US-IL,38.991501,-89.166199,537.0
VLD,Valdosta Regional Airport,Valdosta,US-GA,30.782499313354492,-83.27670288085938,203.0
VLE,Valle Airport,Grand Canyon,US-AZ,35.65060043335,-112.14800262451,5999.0
VNC,Venice Municipal Airport,Venice,US-FL,27.070541,-82.440815,18.0
VNY,Van Nuys Airport,Van Nuys,US-CA,34.209801,-118.489998,802.0
VOK,Volk Field,Camp Douglas,US-WI,43.938999,-90.253403,912.0
VPS,Destin-Fort Walton Beach Airport,Valparaiso,US-FL,30.481315,-86.515839,87.0
VPZ,Porter County Municipal Airport,Valparaiso,US-IN,41.45399857,-87.00710297,770.0
VQQ,Cecil Airport,Jacksonville,US-FL,30.2187,-81.876701,81.0
VQS,Antonio Rivera Rodriguez Airport,Vieques,PR-U-A,18.1348,-65.493599,49.0
VRB,Vero Beach Regional Airport,Vero Beach,US-FL,27.6556,-80.417901,24.0
VRS,Roy Otten Memorial Airfield,Versailles,US-MO,38.427799224854,-92.875198364258,1030.0
VSF,Hartness State Airport,North Springfield,US-VT,43.343601,-72.517303,577.0
VTN,Miller Field,Valentine,US-NE,42.856211,-100.549192,2596.0
VYS,Illinois Valley Regional Airport Walter A Duncan Field,Peru,US-IL,41.351898,-89.153099,654.0
WAA,Wales Airport,Wales,US-AK,65.622593,-168.095,22.0
WAH,Harry Stern Airport,Wahpeton,US-ND,46.2440986633,-96.6073989868,968.0
WAL,Wallops Flight Facility Airport,Wallops Island,US-VA,37.940813,-75.462255,40.0
WAY,Greene County Airport,Waynesburg,US-PA,39.90112,-80.130733,1069.0
WBB,Stebbins Airport,Stebbins,US-AK,63.515999,-162.278,14.0
WBK,West Branch Community Airport,West Branch,US-MI,44.244801,-84.179802,882.0
WBQ,Beaver Airport,Beaver,US-AK,66.362198,-147.406998,359.0
WBR,Roben Hood Airport,Big Rapids,US-MI,43.7225990295,-85.50409698490002,990.0
WBU,Boulder Municipal Airport,Boulder,US-CO,40.039101,-105.226025,5288.0
WBW,Wilkes Barre Wyoming Valley Airport,Wilkes-Barre,US-PA,41.2971992493,-75.8511962891,545.0
WCR,Chandalar Lake Airport,Chandalar Lake,US-AK,67.5045013428,-148.483001709,1920.0
WDG,Enid Woodring Regional Airport,Enid,US-OK,36.3791999817,-97.7910995483,1167.0
WDN,Waldron Airstrip,Eastsound,US-WA,48.71141,-123.018208,140.0
WDR,Barrow County Airport,Winder,US-GA,33.98289871,-83.66739655,943.0
WEA,Parker County Airport,Weatherford,US-TX,32.7463,-97.682404,990.0
WFB,Ketchikan Harbor Seaplane Base,Ketchikan,US-AK,55.349899,-131.677002,
WFK,Northern Aroostook Regional Airport,Frenchville,US-ME,47.2854995728,-68.31279754639999,988.0
WGO,Winchester Regional Airport,Winchester,US-VA,39.14350128,-78.14440155,726.0
WHD,Hyder Seaplane Base,Hyder,US-AK,55.903324,-130.009975,
WHP,Whiteman Airport,Pacoima,US-CA,34.2593,-118.413002,1003.0
WHT,Wharton Regional Airport,Wharton,US-TX,29.254299,-96.154404,100.0
WIB,Wilbarger County Airport,Vernon,US-TX,34.2257003784,-99.2837982178,1265.0
WJF,General William J Fox Airfield,Lancaster,US-CA,34.7411,-118.219002,2351.0
WKK,Aleknagik / New Airport,Aleknagik,US-AK,59.2826004028,-158.617996216,66.0
WKL,Waikoloa Heliport,Waikoloa Village,US-HI,19.920546,-155.860628,119.0
WLD,Strother Field,Winfield / Arkansas City,US-KS,37.168598,-97.037598,1160.0
WLK,Selawik Airport,Selawik,US-AK,66.600098,-159.985992,17.0
WLR,Loring Seaplane Base,Loring,US-AK,55.601299,-131.636993,
WLW,Willows Glenn County Airport,Willows,US-CA,39.51639938,-122.2180023,141.0
WMC,Winnemucca Municipal Airport,Winnemucca,US-NV,40.8965988159,-117.805999756,4308.0
WMH,Ozark Regional Airport,Mountain Home,US-AR,36.3689002991,-92.4704971313,928.0
WMK,Meyers Chuck Seaplane Base,Meyers Chuck,US-AK,55.739601,-132.255005,
WMO,White Mountain Airport,White Mountain,US-AK,64.689201,-163.412994,267.0
WNA,Napakiak Airport,Napakiak,US-AK,60.6903,-161.979004,17.0
WOW,Willow Airport,Willow,US-AK,61.7542,-150.052002,221.0
WPO,North Fork Valley Airport,Paonia,US-CO,38.831412,-107.645763,5798.0
WRB,Robins Air Force Base,Warner Robins,US-GA,32.640099,-83.591904,294.0
WRG,Wrangell Airport,Wrangell,US-AK,56.48429871,-132.3699951,49.0
WRI,Mc Guire Air Force Base,Wrightstown,US-NJ,40.0155983,-74.59169769,131.0
WRL,Worland Municipal Airport,Worland,US-WY,43.965698,-107.950996,4227.0
WSB,Steamboat Bay Seaplane Base,Steamboat Bay,US-AK,55.532662,-133.638167,0.0
WSF,Cape Sarichef Airport,Cape Sarichef,US-AK,54.583934,-164.905727,291.0
WSG,Washington County Airport,Washington,US-PA,40.136501,-80.290199,1184.0
WSH,Brookhaven Calabro Airport,Shirley,US-NY,40.821899,-72.8694,81.0
WSM,Wiseman Airport,Wiseman,US-AK,67.4046020508,-150.123001099,1180.0
WSN,South Naknek Number 2 Airport,South Naknek,US-AK,58.702362,-157.005444,162.0
WST,Westerly State Airport,Westerly,US-RI,41.349602,-71.803398,81.0
WSX,Westsound/WSX Seaplane Base,West Sound,US-WA,48.617901,-122.956903,
WTK,Noatak Airport,Noatak,US-AK,67.561241,-162.980461,88.0
WTL,Tuntutuliak Airport,Tuntutuliak,US-AK,60.351243,-162.654476,16.0
WTR,Whiteriver Airport,Whiteriver,US-AZ,33.810175,-109.986555,5153.0
WVI,Watsonville Municipal Airport,Watsonville,US-CA,36.9356994629,-121.790000916,163.0
WVL,Waterville Robert Lafleur Airport,Waterville,US-ME,44.5331993103,-69.6754989624,333.0
WWA,Wasilla Airport,Wasilla,US-AK,61.571701,-149.539993,354.0
WWD,Cape May County Airport,Wildwood,US-NJ,39.0084991455,-74.9083023071,23.0
WWP,Whale Pass Seaplane Float Harbor Facility,Whale Pass,US-AK,56.116299,-133.121994,
WWR,West Woodward Airport,Woodward,US-OK,36.438,-99.5226667,2189.0
WWT,Mertarvik Airport,Mertarvik,US-AK,60.81037,-164.499511,346.0
WYB,Yes Bay Lodge Seaplane Base,Yes Bay,US-AK,55.916302,-131.800995,
WYS,Yellowstone Airport,West Yellowstone,US-MT,44.6884,-111.117996,6649.0
XES,Grand Geneva Resort Airport,Lake Geneva,US-WI,42.614899,-88.389603,835.0
XFT,Big Pine Sands STOLGround,"Big Pine Key, Florida",US-FL,24.723717,-81.387856,
XMD,Madison Municipal Airport,Madison,US-SD,44.01599884,-97.08589935,1718.0
XNA,Northwest Arkansas National Airport,Fayetteville/Springdale/Rogers,US-AR,36.281898,-94.306801,1287.0
XPR,Pine Ridge Airport,Pine Ridge,US-SD,43.020902,-102.506089,3333.0
XSD,Tonopah Test Range Airport,Tonopah,US-NV,37.7988014221,-116.78099823,5549.0
XWA,Williston Basin International Airport,Williston,US-ND,48.260863,-103.75116,2344.0
YAK,Yakutat Airport,Yakutat,US-AK,59.508717,-139.660435,33.0
YIP,Willow Run Airport,Detroit,US-MI,42.2379,-83.530403,716.0
YKM,Yakima Air Terminal McAllister Field,Yakima,US-WA,46.56819916,-120.5439987,1099.0
YKN,Chan Gurney Municipal Airport,Yankton,US-SD,42.916698455811,-97.385902404785,1306.0
YNG,Youngstown Warren Regional Airport,Youngstown/Warren,US-OH,41.26070023,-80.67910004,1192.0
YUM,Yuma International Airport / Marine Corps Air Station Yuma,Yuma,US-AZ,32.650938,-114.609375,213.0
ZNC,Nyac Airport,Nyac,US-AK,60.9807014465,-159.994003296,460.0
ZPH,Zephyrhills Municipal Airport,Zephyrhills,US-FL,28.228201,-82.155899,90.0
ZZV,Zanesville Municipal Airport,Zanesville,US-OH,39.9444007874,-81.89209747310001,900.0
